"","task","cond","item","Nfix_1st_M","Nfix_1st_SD","Nfix_2nd_M","Nfix_2nd_SD","Nfix_all_M","Nfix_all_SD"
"1","reading",1,1,11.3,3.3166247903554,3.11,4.59468291736341,14.4,7.23033732116129
"2","reading",1,2,11.1,2.89155859548291,3,2.78388218141501,14.1,4.04488703317053
"3","reading",1,3,10.3,3,1.89,2.57120810342359,12.2,4.35252161906686
"4","reading",1,4,11.9,3.56320481749626,1.38,1.50594061730772,13.2,4.16619044897648
"5","reading",1,5,9.33,2.82842712474619,2.89,3.8873012632302,12.2,6.11918658356194
"6","reading",1,6,9.12,3.60307408432617,3.75,2.43486579272276,12.9,5.48862460002504
"7","reading",1,7,13.4,5.65930894878321,3.89,3.78960566696736,17.3,7.96868872525461
"8","reading",1,8,11.8,3.56292638773866,1.89,0.927960727138337,13.7,3.16227766016838
"9","reading",1,9,11.2,2.63523138347365,2.44,2.74367960552572,13.7,3.16227766016838
"10","reading",1,10,10.4,3.46810867444747,2.78,3.66666666666667,13.2,6.70406178703959
"11","reading",1,11,11.3,2.54950975679639,4.33,3.1224989991992,15.7,4.27200187265877
"12","reading",1,12,10.6,3.20589734361189,2.89,2.08832734769028,13.4,3.81153220867642
"13","reading",1,13,10.1,2.90012315009454,5.75,4.52769256906871,15.9,5.64263109854664
"14","reading",1,14,9.33,2.54950975679639,2.56,3.00462606288666,11.9,4.13655788199695
"15","reading",1,15,10,2.29128784747792,3,3.278719262151,13,4.47213595499958
"16","reading",1,16,9.78,3.63241578628389,3.33,2.06155281280883,13.1,4.91030662088541
"17","reading",1,17,12.7,3,5.11,3.78960566696736,17.8,5.71790559946948
"18","reading",1,18,10.4,3.71184290855335,4.11,3.78960566696736,14.6,6.38574802022267
"19","reading",1,19,10.3,2.87228132326901,2.44,2.87711275027201,12.8,4.38114647603164
"20","reading",1,20,10.1,3.01846171271247,2,1.58113883008419,12.1,3.78960566696736
"21","reading",1,21,10.7,3.67423461417477,8.44,9.92611594621873,19.1,13.1381547833442
"22","reading",1,22,10,3.3166247903554,2.89,2.84800124843918,12.9,4.62180820795402
"23","reading",1,23,9.89,3.78960566696736,2.67,2.23606797749979,12.6,4.12647280104665
"24","reading",1,24,11,2.12132034355964,4.11,3.33333333333333,15.1,5.06074215022966
"25","reading",1,25,9.11,2.47206616236522,4.67,4.63680924774785,13.8,6.39878460681749
"26","reading",1,26,9.89,3.10017920628971,1.78,1.98606254796883,11.7,4.35889894354067
"27","reading",1,27,9.22,3.38296385503074,5.56,5.96051824741589,14.8,8.37821248503787
"28","reading",1,28,10,3.46410161513775,1.22,1.64147630029935,11.2,4.14661843487491
"29","reading",1,29,10.8,2.38630351054606,3.67,4.94974746830583,14.4,6.48288344625891
"30","reading",1,30,12.2,5.93249057685256,2.22,2.10818510677892,14.4,6.38574802022267
"31","reading",1,31,9,1.11803398874989,3.33,3.39116499156263,12.3,3.42782730020052
"32","reading",1,32,8.22,1.64147630029935,2.67,2.95803989154981,10.9,3.78960566696736
"33","reading",1,33,9.89,2.71313676601662,2.11,2.97676184991529,12,4.74341649025257
"34","reading",1,34,9.67,2.44948974278318,2.44,1.50923085635624,12.1,2.97676184991529
"35","reading",1,35,7,1.92724822331886,2.12,2.10017006114131,9.12,2.16712449375401
"36","reading",1,36,8.89,2.61937227425028,2.56,2.45515331044271,11.4,2.50554939639548
"37","reading",1,37,9.78,2.38630351054606,2.33,2.73861278752583,12.1,4.19655943733806
"38","reading",1,38,10.2,2.63523138347365,3.89,4.10622833158497,14.1,4.64877522699378
"39","reading",1,39,9.22,1.98606254796883,1.67,1.4142135623731,10.9,2.14734978778752
"40","reading",1,40,8.78,2.86259400621961,1.89,2.52212432507026,10.7,4.44409720865779
"41","reading",1,41,8.22,1.98606254796883,2.11,2.71313676601662,10.3,3.87298334620742
"42","reading",1,42,10,1.80277563773199,5.22,7.62852832756387,15.2,6.88799277325727
"43","reading",1,43,9.33,3.39116499156263,2.56,3.20589734361189,11.9,4.78132942926035
"44","reading",1,44,8.89,5.10990323891863,1.11,1.69148192751537,10,4.9749371855331
"45","reading",1,45,8.44,2.12785755580062,4.11,5.30199124019562,12.6,6.85768020381366
"46","reading",1,46,8.78,1.39443337755679,4.89,5.71061389967061,13.7,6.28490254498827
"47","reading",1,47,11,1.4142135623731,6.89,6.09188896083235,17.9,6.19363472535402
"48","reading",1,48,10.3,2.78388218141501,5.11,6.48930744464393,15.4,7.09068246206088
"49","reading",1,49,8.22,1.71593835683117,4,4.18330013267038,12.2,4.40958551844098
"50","reading",1,50,9.33,2.64575131106459,3.22,3.34580998331412,12.6,4.27525177946022
"51","reading",1,51,9.78,1.7873008824606,4,2.95803989154981,13.8,4.11636301174282
"52","reading",1,52,9.22,2.33333333333333,4.44,5.34114011965402,13.7,7.0178344238091
"53","reading",1,53,9.89,2.89155859548291,1.33,1.80277563773199,11.2,3.83333333333333
"54","reading",1,54,8.11,1.36422546197874,2.22,2.90593262902712,10.3,3.53553390593274
"55","reading",1,55,8.67,2.54950975679639,1.11,1.69148192751537,9.78,3.23178657161089
"56","reading",1,56,8.56,1.87823794493077,2.44,2.92023591132254,11,3.60555127546399
"57","reading",1,57,9.11,1.36422546197874,3.22,2.48886408717801,12.3,2.59807621135332
"58","reading",1,58,11.4,2.35112266327765,2.44,3.39525813124389,13.9,4.371625682868
"59","reading",1,59,7.33,1.22474487139159,1.44,2.12785755580062,8.78,2.22361067735439
"60","reading",1,60,8.44,1.23603308118261,1.78,1.85592145427667,10.2,2.48886408717801
"61","reading",1,61,8.44,2.40370085030933,5.78,4.76386864265215,14.2,5.69600249687835
"62","reading",1,62,8.67,2.44948974278318,2.67,1.87082869338697,11.3,3.64005494464026
"63","reading",1,63,8.56,2.12785755580062,5.89,3.8873012632302,14.4,4.69337594677624
"64","reading",1,64,8.89,1.83333333333333,5.33,4.06201920231798,14.2,4.29469957557504
"65","reading",1,65,9.89,2.84800124843918,5.22,3.30823887354653,15.1,3.37062473602611
"66","reading",1,66,8.44,2.50554939639548,2.33,1.4142135623731,10.8,2.81858908754796
"67","reading",1,67,8.22,2.63523138347365,4.11,4.01386485959743,12.3,6.04152298679729
"68","reading",1,68,10.8,4.35252161906686,4.67,3.80788655293195,15.4,4.85054407028508
"69","reading",1,69,9.33,2.69258240356725,2.67,2.73861278752583,12,3
"70","reading",1,70,10.2,3.70060055186242,3.89,6.82723304942135,14.1,8.20738150149675
"71","reading",1,71,8.44,3.35824027993498,3.78,2.94863433549236,12.2,5.35671955999607
"72","reading",1,72,9.33,2.78388218141501,3.67,4.76969600708473,13,4.44409720865779
"73","reading",1,73,6.67,1.4142135623731,4.89,3.25747004761534,11.6,3.81153220867642
"74","reading",1,74,8,2.29128784747792,6.11,3.8873012632302,14.1,5.37225382042873
"75","reading",1,75,9.44,2.74367960552572,3.44,4.69337594677624,12.9,6.54683978046745
"76","reading",1,76,6.11,1.26929551764398,3,2.82842712474619,9.11,2.93446947694317
"77","reading",1,77,7.89,2.52212432507026,2.22,2.22361067735439,10.1,2.75882422620781
"78","reading",1,78,9.11,2.75882422620781,4.56,5.50252467307306,13.7,6.59545297913646
"79","reading",1,79,8.78,2.33333333333333,3,3.08220700148449,11.8,4.35252161906686
"80","reading",1,80,9.89,3.37062473602611,6.78,6.88799277325727,16.7,8.76070773396762
"81","reading",1,81,9.33,2.69258240356725,8.56,4.3906466241065,17.9,5.30199124019562
"82","reading",1,82,10.7,3.278719262151,6.89,4.67558671303518,17.6,6.61647774709307
"83","reading",1,83,8.78,3.1135902820449,3.89,6.64161961505709,12.7,7.88986691902975
"84","reading",1,84,9.67,2.23606797749979,2.67,2.39791576165636,12.3,3.5
"85","reading",1,85,11.1,3.82244831372657,7.33,7.59934207678533,18.4,8.50163382990457
"86","reading",1,86,10.8,3.63241578628389,5.44,3.24465372232196,16.2,4.52155332208351
"87","reading",1,87,9,2.91547594742265,4.22,3.73422608373468,13.2,3.38296385503074
"88","reading",1,88,9.11,3.40750805004348,4.78,4.20647648804132,13.9,5.48735921105144
"89","reading",1,89,8.56,3.04594448041618,2.89,3.10017920628971,11.4,4.33333333333333
"90","reading",1,90,8.33,2.69258240356725,6.22,9.16212008458984,14.6,8.36826014042213
"91","reading",1,91,9.11,3.05959329178097,2.11,2.52212432507026,11.2,3.92994204085053
"92","reading",1,92,9.78,3.19287401011134,1.11,2.26077666104176,10.9,3.05959329178097
"93","reading",1,93,9.89,4.96095868871241,2.22,3.19287401011134,12.1,5.03598164324604
"94","reading",1,94,8.22,2.90593262902712,2,1.93649167310371,10.2,2.58736244937667
"95","reading",1,95,9,2.06155281280883,2,2.73861278752583,11,2.44948974278318
"96","reading",1,96,7.56,1.74005108481842,1.56,1.74005108481842,9.11,2.97676184991529
"97","reading",1,97,7.78,1.98606254796883,0.444,0.726483157256779,8.22,1.92209376577847
"98","reading",1,98,9.33,2.44948974278318,2,2.17944947177034,11.3,3.74165738677394
"99","reading",1,99,8.56,2.00693242979872,0.889,1.26929551764398,9.44,2.50554939639548
"100","reading",1,100,10.2,2.22361067735439,3.33,4.38748219369606,13.6,5.81186525805423
"101","reading",1,101,9.89,2.80376730687679,1.33,1.73205080756888,11.2,3.70060055186242
"102","reading",1,102,9.11,2.93446947694317,2.78,2.33333333333333,11.9,2.31540733157497
"103","reading",1,103,8.44,3.32080980752855,4.11,2.47206616236522,12.6,4.8762462794426
"104","reading",1,104,8.44,2.2973414586817,2.44,3.32080980752855,10.9,2.57120810342359
"105","reading",1,105,8.56,3.35824027993498,2.89,3.37062473602611,11.4,2.2973414586817
"106","reading",1,106,7.89,3.40750805004348,2.22,2.72845092395748,10.1,3.25747004761534
"107","reading",1,107,8.22,3.15348132140408,2.44,2.35112266327765,10.7,3.57071421427143
"108","reading",1,108,8.22,2.68224615657185,4.44,4.21637021355784,12.7,5.91607978309962
"109","reading",1,109,8.78,3.03223423311004,1.33,2.29128784747792,10.1,1.96497102042527
"110","reading",1,110,8.89,2.57120810342359,0.556,1.13038833052088,9.44,2.92023591132254
"111","reading",1,111,8.33,2.78388218141501,2.78,2.48886408717801,11.1,3.17979733805649
"112","reading",1,112,9,3.04138126514911,2.78,5.09356892997871,11.8,3.59783885748715
"113","reading",1,113,9.67,1.87082869338697,1,1.3228756555323,10.7,1.73205080756888
"114","reading",1,114,10.3,4.41588043316392,4.33,6.38357266740185,14.7,6.70820393249937
"115","reading",1,115,8.33,3.16227766016838,2,2.44948974278318,10.3,4.76969600708473
"116","reading",1,116,9,2.34520787991171,1.22,1.30170827931778,10.2,2.38630351054606
"117","reading",1,117,8.78,3.80058475033046,2.11,3.25747004761534,10.9,4.34293807359846
"118","reading",1,118,9.22,2.94863433549236,4.56,4.27525177946022,13.8,4.40958551844098
"119","reading",1,119,8.56,3.24465372232196,3,1.5,11.6,2.96273147243853
"120","reading",1,120,8.33,2.78388218141501,2.33,2.95803989154981,10.7,4.21307488658818
"121","reading",1,121,8.56,2.24227067451229,4.22,4.71109800836752,12.8,6.32016174195285
"122","reading",1,122,7,2.91547594742265,5.33,6.51920240520265,12.3,6.48074069840786
"123","reading",1,123,9.11,4.22624077770199,3.78,4.63081466314993,12.9,5.86183513168966
"124","reading",1,124,10.2,2.72845092395748,5.89,8.20738150149675,16.1,10.0180392847658
"125","reading",1,125,9.22,2.72845092395748,2.22,2.99072640748773,11.4,5.34114011965402
"126","reading",1,126,7.78,2.04803428790742,3,4.76969600708473,10.8,6.49572508996836
"127","reading",1,127,9.11,2.84800124843918,2.67,4.09267638593623,11.8,6.13958015213129
"128","reading",1,128,9.67,2.95803989154981,1.67,3.24037034920393,11.3,5.78791845139511
"129","reading",1,129,9.44,2.92023591132254,3,4.18330013267038,12.4,6.26719855898772
"130","reading",1,130,10.6,2.45515331044271,4.67,5.52268050859363,15.2,7.37864787372622
"131","reading",1,131,8.44,3.43187671366233,3.89,5.3489355119604,12.3,8.32165848854662
"132","reading",1,132,9.67,3.53553390593274,5.78,6.94222186655284,15.4,10.063686092967
"133","reading",1,133,11.2,3.80058475033046,3.22,4.81606109226663,14.4,8.04846431176642
"134","reading",1,134,10.2,2.33333333333333,3.56,4.95255265270121,13.8,5.89019901569076
"135","reading",1,135,8.44,2.2973414586817,2.11,2.52212432507026,10.6,3.74536750904071
"136","reading",1,136,9.22,3.15348132140408,2.56,3.97212509593766,11.8,6.39878460681749
"137","reading",1,137,9.78,4.40958551844098,5.11,6.09188896083235,14.9,9.40005910146905
"138","reading",1,138,9.22,2.53859103528797,4.33,4.41588043316392,13.6,5.41089436024931
"139","reading",1,139,7.33,2.12132034355964,0.778,0.97182531580755,8.11,2.57120810342359
"140","reading",1,140,7.78,2.04803428790742,2.78,4.05517502019881,10.6,5.4339467956337
"141","reading",1,141,10.4,2.78886675511359,4,6.53834841531101,14.4,7.81202776350531
"142","reading",1,142,9.33,3.04138126514911,5.33,7.24568837309472,14.7,9.3407708461347
"143","reading",1,143,9.89,2.42097317438899,2.67,2.87228132326901,12.6,4.53075907302273
"144","reading",1,144,11.3,4.18330013267038,3.44,5.52519481808359,14.8,8.71461097493425
"145","reading",1,145,7.11,1.36422546197874,2.89,5.03598164324604,10,5.95818764390649
"146","reading",1,146,10.4,3.46810867444747,2.56,3.46810867444747,13,6.42261628933256
"147","reading",1,147,9.22,2.90593262902712,3.44,4.15665463777998,12.7,5.63471383479232
"148","reading",1,148,10.3,3.46410161513775,2.44,2.65099562009781,12.8,5.71790559946948
"149","reading",1,149,12.1,2.71313676601662,4.22,4.79003595439997,16.3,6.16441400296898
"150","reading",1,150,10.3,2.73861278752583,4.33,5.29150262212918,14.7,6.61437827766148
"151","reading",1,151,13,2.59807621135332,3.11,2.93446947694317,16.1,3.62092683040007
"152","reading",1,152,12.2,4.23608834237961,6,3.77491721763537,18.2,2.04803428790742
"153","reading",1,153,10.9,2.57120810342359,3.44,3.71184290855335,14.3,5.22015325445528
"154","reading",1,154,12,2.06155281280883,2.44,2.185812841434,14.4,2.83333333333333
"155","reading",1,155,12.7,3.1224989991992,8.44,8.9737270839812,21.1,9.7139647472652
"156","reading",1,156,11.9,1.83333333333333,3.56,2.92023591132254,15.4,4.09606857581484
"157","reading",1,157,12.9,2.84800124843918,7.44,7.61759658801763,20.3,8.23103881657716
"158","reading",1,158,12.2,3.70060055186242,4.11,2.47206616236522,16.3,2.39791576165636
"159","reading",1,159,13.1,4.10622833158497,7.56,8.29323686974982,20.7,10.1980390271856
"160","reading",1,160,11.9,3.44399638662864,4.44,5.31768537784794,16.3,5.78791845139511
"161","reading",1,161,11,2.39791576165636,5,4.79583152331272,16,4.89897948556636
"162","reading",1,162,8.44,2.65099562009781,5,2.64575131106459,13.4,3.53946009693255
"163","reading",1,163,11,2.12132034355964,5.33,4.24264068711928,16.3,3.5
"164","reading",1,164,12.3,2.59807621135332,7.33,9.28708781050335,19.7,10.1857743937317
"165","reading",1,165,11.9,3.10017920628971,5.78,3.56292638773866,17.7,2.44948974278318
"166","reading",1,166,13.4,3.20589734361189,6.67,6.18465843842649,20.1,7.83333333333333
"167","reading",1,167,10.3,2.44948974278318,4.33,4.89897948556636,14.7,6.2449979983984
"168","reading",1,168,10.9,1.61589328580544,5.33,3.77491721763537,16.2,3.38296385503074
"169","reading",1,169,10.8,3.23178657161089,4.56,4.97772817435603,15.3,5.8309518948453
"170","reading",1,170,11.1,2.80376730687679,5.44,1.81046341520004,16.6,3.24465372232196
"171","reading",1,171,11.1,2.02758751009941,3.56,3.50396600693811,14.7,4.12310562561766
"172","reading",1,172,10.4,2.12785755580062,2.78,2.72845092395748,13.2,3.56292638773866
"173","reading",1,173,10.6,2.2973414586817,3.44,3.32080980752855,14,4.84767985741633
"174","reading",1,174,11.4,2.60341655863555,3,1.93649167310371,14.4,3.67801274845232
"175","reading",1,175,9.11,2.31540733157497,6.78,10.3171916936948,15.9,11.0955446513955
"176","reading",1,176,9.22,2.68224615657185,5.11,3.98260104844951,14.3,5.26782687642637
"177","reading",1,177,12.2,1.98606254796883,9.33,9.59166304662544,21.6,9.98888270918113
"178","reading",1,178,11.9,2.57120810342359,5.67,3.96862696659689,17.6,4.12647280104665
"179","reading",1,179,9,2.44948974278318,3.67,2.5,12.7,2.59807621135332
"180","reading",1,180,10.2,1.71593835683117,5.44,3.39525813124389,15.7,4.03112887414927
"181","reading",2,1,10.3,3.16227766016838,7.89,4.72875365303704,18.2,4.43784231856478
"182","reading",2,2,11.1,3.9510898637099,9.33,6.57647321898295,20.4,7.23033732116129
"183","reading",2,3,7.89,2.26077666104176,3.11,3.48010216963685,11,4.63680924774785
"184","reading",2,4,9.78,2.58736244937667,3.11,1.96497102042527,12.9,2.89155859548291
"185","reading",2,5,8.44,2.69773567603977,0.778,0.833333333333333,9.22,2.94863433549236
"186","reading",2,6,7.67,2.5,3.56,3.53946009693255,11.2,4.32370725702428
"187","reading",2,7,10.9,4.67558671303518,2.67,1.73205080756888,13.6,5.63717817509592
"188","reading",2,8,10.2,3.41971408811387,3.56,4.50308536203543,13.8,4.43784231856478
"189","reading",2,9,7.78,1.71593835683117,3.11,2.08832734769028,10.9,2.36877840059198
"190","reading",2,10,7,2.59807621135332,2.67,3.53553390593274,9.67,3.278719262151
"191","reading",2,11,9.67,3.39116499156263,3.89,4.83333333333333,13.6,5.59265391185417
"192","reading",2,12,9,1.73205080756888,3.67,3.74165738677394,12.7,3.08220700148449
"193","reading",2,13,8.11,2.97676184991529,3.67,3.96862696659689,11.8,5.06896877524852
"194","reading",2,14,7.89,3.55121262544375,3.22,4.08588355737709,11.1,4.72875365303704
"195","reading",2,15,9.67,2.06155281280883,3.78,4.02423215588321,13.4,4.71993408616877
"196","reading",2,16,9.11,3.40750805004348,4.44,5.41089436024931,13.6,6.40529295019188
"197","reading",2,17,9.56,2.2973414586817,4.56,3.71184290855335,14.1,4.01386485959743
"198","reading",2,18,8.89,3.14024061356946,4.11,2.52212432507026,13,4.47213595499958
"199","reading",2,19,8.89,2.97676184991529,4.33,3.08220700148449,13.2,4.63081466314993
"200","reading",2,20,7.89,2.36877840059198,4.22,4.05517502019881,12.1,4.13655788199695
"201","reading",2,21,9.56,3.60940130461795,8.89,8.29825952300307,18.4,10.6666666666667
"202","reading",2,22,8.89,2.08832734769028,1.89,2.31540733157497,10.8,3.23178657161089
"203","reading",2,23,8.11,2.80376730687679,3.11,2.89155859548291,11.2,3.80058475033046
"204","reading",2,24,9,3,4.33,5.1478150704935,13.3,5.24404424085076
"205","reading",2,25,8.22,2.04803428790742,3.33,3.3166247903554,11.6,4.12647280104665
"206","reading",2,26,8.44,2.2973414586817,3.11,2.08832734769028,11.6,2.35112266327765
"207","reading",2,27,9.78,2.90593262902712,4.44,4.71993408616877,14.2,5.0194067821252
"208","reading",2,28,9,3,1.67,2.39791576165636,10.7,4.66368952654441
"209","reading",2,29,9.44,3.24465372232196,4.56,2.87711275027201,14,3.57071421427143
"210","reading",2,30,9.33,3.46410161513775,4.67,5.43139024560011,14,7.28010988928052
"211","reading",2,31,14.2,3.73422608373468,6.56,4.95255265270121,20.8,8.3483198575788
"212","reading",2,32,11.4,4.12647280104665,2.44,1.9436506316151,13.9,4.19655943733806
"213","reading",2,33,14,2.87228132326901,3.22,2.72845092395748,17.2,4.35252161906686
"214","reading",2,34,10.7,3.64005494464026,1,1.3228756555323,11.7,3.87298334620742
"215","reading",2,35,8,3.16227766016838,2.22,2.10818510677892,10.2,4.11636301174282
"216","reading",2,36,9.67,1.87082869338697,0.778,1.092906420717,10.4,1.74005108481842
"217","reading",2,37,10.8,4.52155332208351,2,2.17944947177034,12.8,4.84194634877798
"218","reading",2,38,12.7,2,3,2.34520787991171,15.7,3.46410161513775
"219","reading",2,39,11.9,3.48010216963685,1.22,1.64147630029935,13.1,4.13655788199695
"220","reading",2,40,9,1.93649167310371,4.22,2.53859103528797,13.2,4.26549463068991
"221","reading",2,41,8.67,2.39791576165636,2,1.87082869338697,10.7,3.3166247903554
"222","reading",2,42,10.4,2.78886675511359,5.67,5.8309518948453,16.1,7.55718936583642
"223","reading",2,43,10.3,2.95803989154981,2.56,4.09606857581484,12.9,5.62237593114433
"224","reading",2,44,8.67,2.44948974278318,1.56,2.92023591132254,10.2,4.40958551844098
"225","reading",2,45,9.33,2.87228132326901,3.44,2.40370085030933,12.8,4.38114647603164
"226","reading",2,46,9.67,2.29128784747792,5,3.3166247903554,14.7,5
"227","reading",2,47,11.8,4.23608834237961,5.56,7.40120110372484,17.3,5
"228","reading",2,48,13.7,8.42614977317636,3.44,4.15665463777998,17.1,11.4503760248784
"229","reading",2,49,11.1,2.75882422620781,3.44,2.78886675511359,14.6,4.0034707164881
"230","reading",2,50,12.1,2.61937227425028,0.667,0.707106781186548,12.8,2.77388616284887
"231","reading",2,51,11.5,3.50509832753866,2.38,2.7222627143085,13.9,5.59176690705694
"232","reading",2,52,10.9,3.68932393686311,2.11,2.36877840059198,13,4.41588043316392
"233","reading",2,53,10.6,2.92023591132254,3,3.20156211871642,13.6,5.02770104299945
"234","reading",2,54,9.22,2.77388616284887,0.333,0.5,9.56,2.96273147243853
"235","reading",2,55,8.78,1.7873008824606,1.67,2.17944947177034,10.4,2.74367960552572
"236","reading",2,56,10.4,2.69773567603977,1.33,1.80277563773199,11.8,3.76755151848577
"237","reading",2,57,12.9,3.82244831372657,3.11,2.02758751009941,16,5.1720402163943
"238","reading",2,58,11.7,3.8405728739343,2.89,3.01846171271247,14.6,6.20707481651202
"239","reading",2,59,8.56,2.78886675511359,1.33,1.6583123951777,9.89,3.17979733805649
"240","reading",2,60,8.67,2.12132034355964,3.33,4.35889894354067,12,5.95818764390649
"241","reading",2,61,9.44,3.04594448041618,4.33,6.44204936336256,13.8,5.62978191801818
"242","reading",2,62,8.89,1.69148192751537,3.44,5.05250213040804,12.3,5.59016994374947
"243","reading",2,63,9.44,2.24227067451229,2.33,2.54950975679639,11.8,3.66666666666667
"244","reading",2,64,8.89,2.80376730687679,1.67,2.78388218141501,10.6,4.55826477705911
"245","reading",2,65,10.2,2.4381231397213,5.22,3.66666666666667,15.4,3.46810867444747
"246","reading",2,66,7.67,2.54950975679639,2.44,2.40370085030933,10.1,2.36877840059198
"247","reading",2,67,6.78,2.94863433549236,2.78,2.48886408717801,9.56,3.77859468291821
"248","reading",2,68,10.4,3.12694383988229,4.78,4.79003595439997,15.2,5.86893895388634
"249","reading",2,69,8.22,1.48136573621926,2.67,2.06155281280883,10.9,2.20479275922049
"250","reading",2,70,9.11,2.02758751009941,2.22,2.86259400621961,11.3,3.278719262151
"251","reading",2,71,8.78,1.98606254796883,2.56,2.74367960552572,11.3,3.64005494464026
"252","reading",2,72,9,1.3228756555323,2.56,3.74536750904071,11.6,3.97212509593766
"253","reading",2,73,8.22,2.68224615657185,2.78,2.48886408717801,11,3.67423461417477
"254","reading",2,74,9.67,3.20156211871642,3.78,3.70060055186242,13.4,5.83333333333333
"255","reading",2,75,10.4,2.74367960552572,3.67,4.5,14.1,6.23386806975501
"256","reading",2,76,7.67,1.93649167310371,1.89,2.08832734769028,9.56,3.12694383988229
"257","reading",2,77,8,1.93649167310371,2.67,3.67423461417477,10.7,4.63680924774785
"258","reading",2,78,8.89,2.08832734769028,3.78,5.04424865014052,12.7,5.61248608016091
"259","reading",2,79,8.11,1.61589328580544,4.11,4.62180820795402,12.2,4.73755680118397
"260","reading",2,80,9,1.93649167310371,3.11,3.44399638662864,12.1,3.78960566696736
"261","reading",2,81,9.56,2.35112266327765,4.11,4.67558671303518,13.7,5.45435605731786
"262","reading",2,82,10.6,2.55495161945932,5.11,5.60009920547048,15.7,7.3824115301167
"263","reading",2,83,9.89,3.51583718495483,2.22,3.03223423311004,12.1,6.11237360696408
"264","reading",2,84,9.56,2.87711275027201,2.44,4.41902452785428,12,5.61248608016091
"265","reading",2,85,9.44,1.50923085635624,5.11,4.371625682868,14.6,4.74634362196605
"266","reading",2,86,9.56,2.96273147243853,3.56,5.05250213040804,13.1,5.81903008336536
"267","reading",2,87,9.67,3.57071421427143,2.56,2.87711275027201,12.2,4.73755680118397
"268","reading",2,88,11.2,4.05517502019881,2.67,3.3166247903554,13.9,5.84047182264508
"269","reading",2,89,8.89,2.26077666104176,3.67,4.15331193145904,12.6,4.63980363569168
"270","reading",2,90,6.78,2.27913238852956,2.44,3.46810867444747,9.22,3.23178657161089
"271","reading",2,91,9.89,2.26077666104176,5,4.30116263352131,14.9,5.84047182264508
"272","reading",2,92,11.3,2.87228132326901,5.22,5.38000413052299,16.6,5.54777232569775
"273","reading",2,93,10.1,1.76383420737639,4.11,3.25747004761534,14.2,3.63241578628389
"274","reading",2,94,8.67,2.06155281280883,4.33,4.21307488658818,13,5.02493781056044
"275","reading",2,95,9.78,2.48886408717801,5.67,8.21583836257749,15.4,8.23272602348564
"276","reading",2,96,8.44,3.5746017649212,4.33,5,12.8,5.26255113461565
"277","reading",2,97,8.22,2.04803428790742,2.78,2.58736244937667,11,3.53553390593274
"278","reading",2,98,11.1,3.65528536657688,5.44,3.74536750904071,16.6,5.59265391185417
"279","reading",2,99,9.33,2,2.78,2.58736244937667,12.1,2.52212432507026
"280","reading",2,100,9.89,1.90029237516523,3.22,3.0731814857643,13.1,2.84800124843918
"281","reading",2,101,8.33,2.34520787991171,4.67,3.8405728739343,13,2.82842712474619
"282","reading",2,102,9.89,2.36877840059198,3.67,4.41588043316392,13.6,4.33333333333333
"283","reading",2,103,10.6,2.78886675511359,5,3.20156211871642,15.6,5.2941267247562
"284","reading",2,104,9.22,3.19287401011134,5.11,4.31405970184826,14.3,5.1478150704935
"285","reading",2,105,8.22,0.97182531580755,3.78,2.72845092395748,12,2.59807621135332
"286","reading",2,106,11.9,3.21886798597133,3.22,2.81858908754796,15.1,4.56739653534824
"287","reading",2,107,9,1.73205080756888,2.44,2.65099562009781,11.4,3.50396600693811
"288","reading",2,108,10.2,1.7873008824606,4.89,8.88037786983815,15.1,10.2279573283775
"289","reading",2,109,8.44,1.50923085635624,4,2.73861278752583,12.4,1.9436506316151
"290","reading",2,110,8.78,1.85592145427667,1.33,1.58113883008419,10.1,1.53659074288215
"291","reading",2,111,9.89,1.83333333333333,9.56,19.3978807548087,19.4,19.4750552702111
"292","reading",2,112,9.89,1.83333333333333,3.67,3.20156211871642,13.6,3.81153220867642
"293","reading",2,113,10.9,2.31540733157497,5.44,7.51849571242664,16.3,8.66025403784439
"294","reading",2,114,11,3.5,5.89,4.13655788199695,16.9,5.08538210079745
"295","reading",2,115,8.56,2.185812841434,2.89,2.57120810342359,11.4,3.46810867444747
"296","reading",2,116,9.67,2.12132034355964,2.22,1.85592145427667,11.9,2.57120810342359
"297","reading",2,117,9.11,2.20479275922049,3.78,3.45607355888795,12.9,4.19655943733806
"298","reading",2,118,10.6,1.9436506316151,2.78,2.68224615657185,13.3,2.59807621135332
"299","reading",2,119,9.78,2.81858908754796,4.33,3.42782730020052,14.1,2.80376730687679
"300","reading",2,120,11.7,2.06155281280883,4,6.85565460040104,15.7,7.56637297521078
"301","reading",2,121,9.44,3.39525813124389,4.78,4.32370725702428,14.2,5.309844107358
"302","reading",2,122,9.56,3.04594448041618,1.78,1.85592145427667,11.3,3.08220700148449
"303","reading",2,123,10.1,3.25747004761534,2.22,1.85592145427667,12.3,3.80788655293195
"304","reading",2,124,9.67,2.82842712474619,4.11,4.48454134902457,13.8,5.04424865014052
"305","reading",2,125,9.22,2.38630351054606,3.11,3.10017920628971,12.3,3.20156211871642
"306","reading",2,126,9.22,2.16666666666667,2.44,2.74367960552572,11.7,3.24037034920393
"307","reading",2,127,9.22,2.81858908754796,2.22,2.22361067735439,11.4,3.77859468291821
"308","reading",2,128,9.44,2.96273147243853,2.44,2.45515331044271,11.9,3.8873012632302
"309","reading",2,129,9.89,2.75882422620781,1.67,2.44948974278318,11.6,3.39525813124389
"310","reading",2,130,9.78,2.72845092395748,2.22,2.58736244937667,12,3.5
"311","reading",2,131,8.44,2.40370085030933,1.22,1.92209376577847,9.67,2.39791576165636
"312","reading",2,132,10.3,3.24037034920393,3.22,3.80058475033046,13.6,5.41089436024931
"313","reading",2,133,10.7,2.5,1,1,11.7,2.12132034355964
"314","reading",2,134,10.3,2.23606797749979,2.44,1.74005108481842,12.8,3.38296385503074
"315","reading",2,135,9.44,2.69773567603977,1.44,2.35112266327765,10.9,2.93446947694317
"316","reading",2,136,9.56,2.35112266327765,1.56,1.58989866902824,11.1,3.17979733805649
"317","reading",2,137,8.33,2.06155281280883,2.56,2.83333333333333,10.9,3.65528536657688
"318","reading",2,138,10,2.17944947177034,2.56,1.74005108481842,12.6,1.87823794493077
"319","reading",2,139,9.11,2.02758751009941,2.33,2.34520787991171,11.4,2.40370085030933
"320","reading",2,140,9.11,2.71313676601662,2.78,2.86259400621961,11.9,2.61937227425028
"321","reading",2,141,10.9,3.98260104844951,3.78,3.76755151848577,14.7,5.1720402163943
"322","reading",2,142,9.44,3.67801274845232,2,1.5,11.4,3.81153220867642
"323","reading",2,143,10.7,3.20156211871642,1.44,2.00693242979872,12.1,4.34293807359846
"324","reading",2,144,11.8,2.63523138347365,3.44,3.81153220867642,15.2,5.60753461375357
"325","reading",2,145,8.56,3.20589734361189,2.44,2.78886675511359,11,4.76969600708473
"326","reading",2,146,10.2,2.77388616284887,1.89,2.42097317438899,12.1,3.10017920628971
"327","reading",2,147,9.67,2.69258240356725,3.11,2.61937227425028,12.8,3.56292638773866
"328","reading",2,148,10,3.74165738677394,1.78,2.22361067735439,11.8,3.15348132140408
"329","reading",2,149,11.4,3.50396600693811,2.89,2.42097317438899,14.3,2.87228132326901
"330","reading",2,150,10.6,2.87711275027201,1,1.3228756555323,11.6,2.83333333333333
"331","reading",2,151,12.6,2.78886675511359,3.89,6.52771867585538,16.4,8.14111649454654
"332","reading",2,152,12.3,3.74165738677394,9.33,11.034038245357,21.7,13.4443296597488
"333","reading",2,153,10.1,2.61937227425028,3,3.60555127546399,13.1,5.55527777083299
"334","reading",2,154,9.89,1.69148192751537,1.33,1.22474487139159,11.2,2.16666666666667
"335","reading",2,155,11.1,2.80376730687679,6.22,5.69600249687835,17.3,7.81024967590665
"336","reading",2,156,11.1,4.70224532655529,5.22,6.24054840894969,16.3,9.01387818865997
"337","reading",2,157,11.1,3.05959329178097,5.22,5.44926090809061,16.3,6.91013748054263
"338","reading",2,158,9.89,2.57120810342359,3.11,3.14024061356946,13,5.26782687642637
"339","reading",2,159,9.89,3.48010216963685,4.11,6.05071162022378,14,8.88819441731559
"340","reading",2,160,10.2,2.16666666666667,2,1.73205080756888,12.2,3.34580998331412
"341","reading",2,161,10.2,3.59783885748715,5.44,6.38574802022267,15.7,9.69535971483266
"342","reading",2,162,7.44,2.45515331044271,3.33,5.04975246918104,10.8,5.99536858286832
"343","reading",2,163,10,3.5,4.11,6.95421534834169,14.1,9.73966688912465
"344","reading",2,164,10.2,2.16666666666667,2.67,3.16227766016838,12.9,5.06074215022966
"345","reading",2,165,10.8,2.4381231397213,4,6.42261628933256,14.8,5.76146200581453
"346","reading",2,166,11.6,4.06543697255016,4.67,4.47213595499958,16.2,6.66666666666667
"347","reading",2,167,11,4.09267638593623,2.89,5.03598164324604,13.9,8.82389432796603
"348","reading",2,168,10,2.34520787991171,5.78,8.18195847242239,15.8,9.97218353443439
"349","reading",2,169,11.7,3.74165738677394,7.11,7.3219608788296,18.8,9.40449065311059
"350","reading",2,170,10.3,3.278719262151,2.89,3.8873012632302,13.2,6.28048122713892
"351","reading",2,171,9.11,3.37062473602611,4.56,6.16666666666667,13.7,8.39642781187333
"352","reading",2,172,9.89,4.28498671072748,3.44,4.53075907302273,13.3,8.66025403784439
"353","reading",2,173,10.4,2.2973414586817,3.44,4.63980363569168,13.9,5.71061389967061
"354","reading",2,174,11.1,2.57120810342359,3.11,5.32551510289015,14.2,6.90611645170022
"355","reading",2,175,8.22,2.53859103528797,2.56,2.185812841434,10.8,2.99072640748773
"356","reading",2,176,10.1,2.14734978778752,5.22,5.309844107358,15.3,6.83739716558867
"357","reading",2,177,10.7,2,4.89,4.53994615729208,15.6,5.3877432917482
"358","reading",2,178,11.3,4.06201920231798,2.89,4.07567308687916,14.2,7.03167436990966
"359","reading",2,179,8.33,2.73861278752583,1.44,1.50923085635624,9.78,3.76755151848577
"360","reading",2,180,10.9,3.62092683040007,6.44,5.2228132053308,17.3,7.07106781186548
"361","reading",3,1,9.89,2.02758751009941,5,4.18330013267038,14.9,5.15859584684739
"362","reading",3,2,9.33,2,3.67,2.78388218141501,13,3.39116499156263
"363","reading",3,3,9.11,2.47206616236522,3.11,3.10017920628971,12.2,4.68448977418507
"364","reading",3,4,9.62,2.19983765634778,4.62,4.8678977568791,14.2,4.86239212146215
"365","reading",3,5,8.67,2.29128784747792,2.33,2.59807621135332,11,4.35889894354067
"366","reading",3,6,7.56,2.24227067451229,3.78,3.70060055186242,11.3,4.24264068711928
"367","reading",3,7,8.33,1.6583123951777,5.33,4.76969600708473,13.7,5.19615242270663
"368","reading",3,8,10.7,3.67423461417477,2.89,2.52212432507026,13.6,4.74634362196605
"369","reading",3,9,8.11,2.61937227425028,2.22,1.7873008824606,10.3,3.93700393700591
"370","reading",3,10,7,2,2.78,2.77388616284887,9.78,2.77388616284887
"371","reading",3,11,9.44,2.40370085030933,4,4.69041575982343,13.4,4.245913067619
"372","reading",3,12,8.88,3.31393163133201,2.12,3.83359212376963,11,3.4226138716317
"373","reading",3,13,8.22,2.72845092395748,4.44,3.46810867444747,12.7,3.57071421427143
"374","reading",3,14,8,1.6583123951777,5.22,4.08588355737709,13.2,3.83333333333333
"375","reading",3,15,9,2.06155281280883,4.44,4.41902452785428,13.4,4.30439052338165
"376","reading",3,16,9.78,2.58736244937667,2.33,2.54950975679639,12.1,4.22624077770199
"377","reading",3,17,11.4,2.74367960552572,4.89,4.62180820795402,16.3,6.51920240520265
"378","reading",3,18,9,2.44948974278318,4.44,5.98145281497545,13.4,6.42477842246546
"379","reading",3,19,9.78,1.71593835683117,4,3.93700393700591,13.8,4.08588355737709
"380","reading",3,20,7.78,1.48136573621926,2.44,3.08670986290869,10.2,3.45607355888795
"381","reading",3,21,10.1,2.36877840059198,4.44,4.66666666666667,14.6,5.87603418793473
"382","reading",3,22,9,2.54950975679639,4.44,4.53075907302273,13.4,5.91842696818823
"383","reading",3,23,9.11,2.08832734769028,3.44,3.87656778320434,12.6,4.95255265270121
"384","reading",3,24,9.78,1.48136573621926,2.22,2.22361067735439,12,3.04138126514911
"385","reading",3,25,7.33,2.17944947177034,2.78,2.72845092395748,10.1,4.13655788199695
"386","reading",3,26,7.78,2.81858908754796,3.56,3.24465372232196,11.3,5.02493781056044
"387","reading",3,27,8.89,2.71313676601662,3.67,4.21307488658818,12.6,5.87603418793473
"388","reading",3,28,8,2.06155281280883,2.11,2.36877840059198,10.1,3.44399638662864
"389","reading",3,29,8.11,2.02758751009941,3.89,5.64456474062537,12,6.12372435695795
"390","reading",3,30,9.44,2.78886675511359,3.89,2.20479275922049,13.3,4
"391","reading",3,31,10.1,3.48010216963685,6.22,4.32370725702428,16.3,5.3851648071345
"392","reading",3,32,7.33,3.60555127546399,4.67,6.42261628933256,12,5.19615242270663
"393","reading",3,33,10.3,2.78388218141501,4.78,4.35252161906686,15.1,4.62180820795402
"394","reading",3,34,9.56,2.78886675511359,3.56,2.92023591132254,13.1,3.85501116874013
"395","reading",3,35,6.44,2.96273147243853,1.89,1.69148192751537,8.33,3.53553390593274
"396","reading",3,36,7.89,2.89155859548291,1.22,1.48136573621926,9.11,3.05959329178097
"397","reading",3,37,9.33,2.95803989154981,6.89,4.07567308687916,16.2,5.0194067821252
"398","reading",3,38,9.44,1.50923085635624,2.89,3.72305131728145,12.3,3.96862696659689
"399","reading",3,39,8.89,2.14734978778752,9.22,7.54615428178118,18.1,8.26807783654164
"400","reading",3,40,7.22,1.64147630029935,2.44,2.87711275027201,9.67,3.35410196624968
"401","reading",3,41,7.22,3.23178657161089,2,2,9.22,3.38296385503074
"402","reading",3,42,9.22,1.92209376577847,5,3.87298334620742,14.2,3.76755151848577
"403","reading",3,43,9.56,2.96273147243853,4.33,5.91607978309962,13.9,7.25335171566298
"404","reading",3,44,7.89,2.31540733157497,3,2.95803989154981,10.9,3.25747004761534
"405","reading",3,45,8.44,2.55495161945932,5.44,3.04594448041618,13.9,2.71313676601662
"406","reading",3,46,7.89,2.66666666666667,6.89,4.28498671072748,14.8,4.79003595439997
"407","reading",3,47,12.1,2.93446947694317,7.33,10.571187255933,19.4,9.60613230065971
"408","reading",3,48,9.56,2.74367960552572,5,4.06201920231798,14.6,6.08504542117623
"409","reading",3,49,9.22,2.04803428790742,4,3.53553390593274,13.2,4.81606109226663
"410","reading",3,50,9.56,2.60341655863555,4.11,4.10622833158497,13.7,5.59016994374947
"411","reading",3,51,11.2,3.92994204085053,5.89,3.44399638662864,17.1,5.08538210079745
"412","reading",3,52,10.4,2.55495161945932,5.89,4.42844341852881,16.3,4
"413","reading",3,53,9.22,3.0731814857643,2.56,4.36208410943413,11.8,5.97448277631164
"414","reading",3,54,8.11,2.71313676601662,3.44,3.24465372232196,11.6,4.27525177946022
"415","reading",3,55,8.44,2.50554939639548,3.67,4.87339717240448,12.1,5.71061389967061
"416","reading",3,56,9,4.15331193145904,1.22,1.48136573621926,10.2,3.73422608373468
"417","reading",3,57,9.67,3.70809924354783,2.56,3.20589734361189,12.2,3.49205447329283
"418","reading",3,58,9.78,3.19287401011134,2.78,2.16666666666667,12.6,3.90867979985286
"419","reading",3,59,6.67,1.80277563773199,2.22,2.81858908754796,8.89,4.19655943733806
"420","reading",3,60,7.56,3.08670986290869,2.11,1.45296631451356,9.67,3.42782730020052
"421","reading",3,61,10,2.78388218141501,4.33,4.03112887414927,14.3,6.34428877022476
"422","reading",3,62,9.11,2.31540733157497,1.33,1.4142135623731,10.4,3.08670986290869
"423","reading",3,63,10.4,2.60341655863555,2.89,3.9510898637099,13.3,6
"424","reading",3,64,10.6,2.45515331044271,2.22,1.92209376577847,12.8,3.99304951690365
"425","reading",3,65,12.8,3.2702361450581,3.67,4.87339717240448,16.4,6.83942817622773
"426","reading",3,66,10.3,3.80788655293195,3.89,6.03001750504185,14.2,9.39118972465387
"427","reading",3,67,8.89,2.71313676601662,3.44,4.18661889569349,12.3,5.87367006223537
"428","reading",3,68,11.3,3.04138126514911,1.89,2.31540733157497,13.2,3.80058475033046
"429","reading",3,69,10.3,3.96862696659689,2.67,3.278719262151,13,5.31507290636732
"430","reading",3,70,11.1,4.01386485959743,3.22,5.309844107358,14.3,8.60232526704263
"431","reading",3,71,10.2,2.22361067735439,1.44,1.23603308118261,11.7,3
"432","reading",3,72,10.8,3.03223423311004,2.44,3.43187671366233,13.2,5.65194165260439
"433","reading",3,73,9.33,2.82842712474619,1.11,1.36422546197874,10.4,3.97212509593766
"434","reading",3,74,10.8,2.94863433549236,3.78,2.53859103528797,14.6,4.85054407028508
"435","reading",3,75,11.1,2.4164614034339,3.12,3.35676289643119,14.2,4.62137889132052
"436","reading",3,76,8.56,1.0137937550497,1,1.3228756555323,9.56,1.50923085635624
"437","reading",3,77,9.38,2.0658792662828,1.38,1.40788595317336,10.8,2.43486579272276
"438","reading",3,78,10.7,3.16227766016838,4.89,3.17979733805649,15.6,5.50252467307306
"439","reading",3,79,9,3.90512483795333,3.56,3.60940130461795,12.6,6.48288344625891
"440","reading",3,80,10.4,2.92023591132254,5.22,4.73755680118397,15.7,6.46142399166004
"441","reading",3,81,10.6,2.69773567603977,3.44,1.74005108481842,14,4.09267638593623
"442","reading",3,82,11,2.82842712474619,3.22,5.73972511924085,14.2,7.03167436990966
"443","reading",3,83,10.6,1.74005108481842,1.44,1.42400062421959,12,2.44948974278318
"444","reading",3,84,12.8,3.89800518784217,2.44,3.46810867444747,15.2,6.49572508996836
"445","reading",3,85,11.3,2.91547594742265,5,5.04975246918104,16.3,7.24568837309472
"446","reading",3,86,11.6,2.65099562009781,3.11,2.61937227425028,14.7,3.5
"447","reading",3,87,10.7,2.73861278752583,2.56,2.60341655863555,13.2,3.83333333333333
"448","reading",3,88,12.6,3.71184290855335,2.33,2.64575131106459,14.9,5.94652092497042
"449","reading",3,89,10.6,4.09606857581484,2.11,2.66666666666667,12.7,5.59016994374947
"450","reading",3,90,9.89,3.05959329178097,2.33,2.69258240356725,12.2,4.89330608530107
"451","reading",3,91,9.33,2.39791576165636,4.89,6.19363472535402,14.2,8.08977406634106
"452","reading",3,92,11,2.39791576165636,2.44,4.44722135470878,13.4,5.4339467956337
"453","reading",3,93,9.22,3.15348132140408,2.56,2.78886675511359,11.8,5.06896877524852
"454","reading",3,94,7.78,1.7873008824606,3.67,5.09901951359278,11.4,6.20707481651202
"455","reading",3,95,9,1.87082869338697,1.56,2.45515331044271,10.6,3.87656778320434
"456","reading",3,96,8.33,2.54950975679639,3.78,5.89019901569076,12.1,7.00793201387621
"457","reading",3,97,7.78,2.04803428790742,3.22,4.81606109226663,11,6
"458","reading",3,98,9.56,2.65099562009781,2.56,4.12647280104665,12.1,6.31356564162527
"459","reading",3,99,9.11,1.96497102042527,3.78,4.99444135459057,12.9,6.48930744464393
"460","reading",3,100,9.89,1.90029237516523,2.22,2.33333333333333,12.1,3.65528536657688
"461","reading",3,101,8.33,2.17944947177034,2.44,4.33333333333333,10.8,6.13958015213129
"462","reading",3,102,9.44,2.50554939639548,4,5.07444578254611,13.4,6.65415492589238
"463","reading",3,103,9.56,2.92023591132254,4.89,4.88478362991761,14.4,6.93020762876393
"464","reading",3,104,8.78,1.98606254796883,4.11,4.91030662088541,12.9,6.29373586283307
"465","reading",3,105,7.89,1.76383420737639,4,4.69041575982343,11.9,6.07133520002899
"466","reading",3,106,10.8,2.27913238852956,6,7.43303437365925,16.8,8.42285251232885
"467","reading",3,107,8,2.06155281280883,1.89,3.01846171271247,9.89,4.64877522699378
"468","reading",3,108,8.89,2.84800124843918,2.67,4.60977222864644,11.6,6.1869037310902
"469","reading",3,109,8.44,2.96273147243853,2.56,3.32080980752855,11,4.63680924774785
"470","reading",3,110,8.56,2.185812841434,2.78,1.56347191994114,11.3,3.5
"471","reading",3,111,8.33,3,2.89,4.64877522699378,11.2,7.15502931122189
"472","reading",3,112,9.11,3.51583718495483,3,2.95803989154981,12.1,5.77590781705449
"473","reading",3,113,8.67,1.73205080756888,1.89,2.89155859548291,10.6,4.21637021355784
"474","reading",3,114,10.4,3.84418753155693,6.22,7.52957133205101,16.7,9.9121138007995
"475","reading",3,115,7.44,1.87823794493077,3.22,4.52155332208351,10.7,5.91607978309962
"476","reading",3,116,7.44,2.185812841434,2.89,3.72305131728145,10.3,5.3851648071345
"477","reading",3,117,8,2.5,3.56,5.54777232569775,11.6,7.90745077618431
"478","reading",3,118,9.44,1.9436506316151,3.78,7.79066392834683,13.2,7.91798234681313
"479","reading",3,119,10,2.23606797749979,4.44,3.24465372232196,14.4,4.47524052736585
"480","reading",3,120,9.78,2.22361067735439,5,6.34428877022476,14.8,7.80669228575358
"481","reading",3,121,8.44,3.20589734361189,8.33,8.74642784226795,16.8,10.0471112487344
"482","reading",3,122,11.7,2.39791576165636,5.67,6.18465843842649,17.3,5.70087712549569
"483","reading",3,123,8.56,2.87711275027201,5.11,3.91932533876828,13.7,3.5
"484","reading",3,124,12.8,2.90593262902712,3.11,4.45658065237365,15.9,4.371625682868
"485","reading",3,125,10.4,2.65099562009781,3.11,2.80376730687679,13.6,3.35824027993498
"486","reading",3,126,8,2,6.89,7.91271831364615,14.9,7.86518347599795
"487","reading",3,127,9.67,3.278719262151,6.67,7.76208734813001,16.3,6.12372435695795
"488","reading",3,128,11.6,2.45515331044271,7.22,8.98300865214124,18.8,9.32440048713291
"489","reading",3,129,10.8,3.70060055186242,4.67,4.18330013267038,15.4,5.61496017597434
"490","reading",3,130,11.4,2.78886675511359,9.33,8.2915619758885,20.8,8.22766336479832
"491","reading",3,131,10.3,1.73205080756888,4,3.24037034920393,14.3,3.74165738677394
"492","reading",3,132,9.56,2.45515331044271,3.44,3.24465372232196,13,3.42782730020052
"493","reading",3,133,10.2,2.53859103528797,4,5.45435605731786,14.2,5.71790559946948
"494","reading",3,134,10.2,2.53859103528797,4.33,2.64575131106459,14.6,3.60940130461795
"495","reading",3,135,10.6,3.46810867444747,5.67,5.87367006223537,16.2,6.39878460681749
"496","reading",3,136,10.3,2.34520787991171,6.56,4.79872668296266,16.9,5.03598164324604
"497","reading",3,137,10.1,2.02758751009941,8.22,7.20724943681322,18.3,6.9462219947249
"498","reading",3,138,10.8,1.39443337755679,4.89,7.55718936583642,15.7,7.95298686029343
"499","reading",3,139,9.89,2.47206616236522,1.89,2.02758751009941,11.8,2.4381231397213
"500","reading",3,140,9.56,1.74005108481842,4,3.64005494464026,13.6,3.50396600693811
"501","reading",3,141,11.4,2.185812841434,8.78,10.4854396400172,20.2,11.042845848985
"502","reading",3,142,10.8,3.2702361450581,3.33,2.5,14.1,3.68932393686311
"503","reading",3,143,12.6,1.23603308118261,4,3.67423461417477,16.6,3.43187671366233
"504","reading",3,144,11,2.12132034355964,5.33,5.87367006223537,16.3,5.40832691319598
"505","reading",3,145,10,2.69258240356725,4.11,3.29561998888086,14.1,4.72875365303704
"506","reading",3,146,11.4,3.12694383988229,2.22,2.33333333333333,13.7,3.96862696659689
"507","reading",3,147,10.4,1.42400062421959,6.11,3.05959329178097,16.6,3.53946009693255
"508","reading",3,148,12.2,2.72845092395748,4.89,6.25388767976457,17.1,7.4236858171067
"509","reading",3,149,13,3.39116499156263,3.67,3.35410196624968,16.7,5.31507290636732
"510","reading",3,150,11.3,2.91547594742265,5.67,7.53325958665968,17,8.44097150806707
"511","reading",3,151,9.56,4.41902452785428,2.11,2.97676184991529,11.7,5.24404424085076
"512","reading",3,152,11.1,3.29561998888086,3.67,2.91547594742265,14.8,3.1135902820449
"513","reading",3,153,10.1,3.17979733805649,2.78,4.23608834237961,12.9,2.84800124843918
"514","reading",3,154,9.89,1.69148192751537,1.67,1.6583123951777,11.6,2.55495161945932
"515","reading",3,155,9.33,3.64005494464026,6.78,4.94413232473044,16.1,6.5659052011974
"516","reading",3,156,10.7,4.21307488658818,4.56,4.8762462794426,15.2,4.65772953749404
"517","reading",3,157,11.9,3.72305131728145,2.44,2.06827894099848,14.3,5.04975246918104
"518","reading",3,158,10.6,3.90867979985286,3.56,3.20589734361189,14.1,4.01386485959743
"519","reading",3,159,11,3.16227766016838,2.22,2.94863433549236,13.2,4.14661843487491
"520","reading",3,160,10.9,2.84800124843918,2.78,3.15348132140408,13.7,2.78388218141501
"521","reading",3,161,11.6,2.185812841434,2.22,2.4381231397213,13.8,3.23178657161089
"522","reading",3,162,9.33,4.15331193145904,3.56,4.71993408616877,12.9,4.62180820795402
"523","reading",3,163,9,2.64575131106459,2.56,3.53946009693255,11.6,2.24227067451229
"524","reading",3,164,10.1,3.91932533876828,4,3.46410161513775,14.1,3.65528536657688
"525","reading",3,165,10.8,4.84194634877798,3.33,2.95803989154981,14.1,4.62180820795402
"526","reading",3,166,11.9,3.21886798597133,4.78,3.66666666666667,16.7,4.94974746830583
"527","reading",3,167,10.1,2.89155859548291,2.56,2.2973414586817,12.7,3.08220700148449
"528","reading",3,168,9.11,3.62092683040007,1.44,1.58989866902824,10.6,4.5856054973992
"529","reading",3,169,10.6,2.69773567603977,1.89,2.14734978778752,12.4,3.08670986290869
"530","reading",3,170,10.8,2.63523138347365,4,3.64005494464026,14.8,3.59783885748715
"531","reading",3,171,9.11,2.97676184991529,2.22,3.1135902820449,11.3,4.06201920231798
"532","reading",3,172,8.78,1.98606254796883,2,2.34520787991171,10.8,2.53859103528797
"533","reading",3,173,10.3,3.57071421427143,3.33,3.04138126514911,13.7,3.77491721763537
"534","reading",3,174,12.3,3.93700393700591,2.11,2.08832734769028,14.4,3.60940130461795
"535","reading",3,175,7.89,3.10017920628971,1.56,2.45515331044271,9.44,3.04594448041618
"536","reading",3,176,10,3.42782730020052,3.33,4.03112887414927,13.3,3.46410161513775
"537","reading",3,177,11.2,2.94863433549236,2.44,1.66666666666667,13.7,2.39791576165636
"538","reading",3,178,10.4,2.96273147243853,2.89,2.71313676601662,13.3,4
"539","reading",3,179,8.22,1.7873008824606,2,2.69258240356725,10.2,2.90593262902712
"540","reading",3,180,9.67,3.8405728739343,2.89,4.13655788199695,12.6,3.50396600693811
"541","zString",1,1,7,3.53553390593274,3.11,2.93446947694317,10.1,5.15859584684739
"542","zString",1,2,8.56,2.45515331044271,1.78,2.53859103528797,10.3,3.35410196624968
"543","zString",1,3,8.89,2.26077666104176,1.33,1.6583123951777,10.2,1.7873008824606
"544","zString",1,4,9,2.44948974278318,2.56,3.84418753155693,11.6,3.35824027993498
"545","zString",1,5,6.33,1.93649167310371,1.33,1.6583123951777,7.67,2.12132034355964
"546","zString",1,6,8.11,2.84800124843918,3.11,3.37062473602611,11.2,3.86580450158107
"547","zString",1,7,9.78,3.59783885748715,1.78,2.99072640748773,11.6,2.83333333333333
"548","zString",1,8,11.2,3.63241578628389,1.78,2.53859103528797,13,3.16227766016838
"549","zString",1,9,6.89,3.37062473602611,2.56,4.09606857581484,9.44,4.63980363569168
"550","zString",1,10,6.33,1.73205080756888,1.78,2.27913238852956,8.11,1.96497102042527
"551","zString",1,11,9.67,3.70809924354783,2.22,4.20647648804132,11.9,5.18277060182207
"552","zString",1,12,8.33,3.08220700148449,1,1.6583123951777,9.33,2.5
"553","zString",1,13,7.12,2.79987244607423,3,3.46410161513775,10.1,3.75832409459323
"554","zString",1,14,6.67,2.73861278752583,2.22,2.99072640748773,8.89,3.51583718495483
"555","zString",1,15,9,3.08220700148449,3.89,4.371625682868,12.9,3.01846171271247
"556","zString",1,16,10.7,3.04138126514911,3.11,5.62237593114433,13.8,4.05517502019881
"557","zString",1,17,8.11,3.51583718495483,2.11,3.17979733805649,10.2,4.11636301174282
"558","zString",1,18,7.56,2.78886675511359,2.11,1.90029237516523,9.67,2.59807621135332
"559","zString",1,19,7.89,3.05959329178097,3.78,3.52766841475279,11.7,5
"560","zString",1,20,9.33,2.39791576165636,2.89,3.44399638662864,12.2,4.26549463068991
"561","zString",1,21,8.11,3.9510898637099,4.67,3.80788655293195,12.8,5.62978191801818
"562","zString",1,22,8.78,2.81858908754796,2.11,3.29561998888086,10.9,3.33333333333333
"563","zString",1,23,10.2,4.89330608530107,1.67,2.39791576165636,11.9,5.75422550054402
"564","zString",1,24,8.89,3.40750805004348,3.89,5.23078494215841,12.8,3.66666666666667
"565","zString",1,25,6.67,1.93649167310371,2,2.87228132326901,8.67,3
"566","zString",1,26,8.67,2.5,3.56,4.15665463777998,12.2,4.11636301174282
"567","zString",1,27,8.56,2.96273147243853,2.78,3.2702361450581,11.3,3.04138126514911
"568","zString",1,28,9.62,2.32609421256197,2.5,2.61861468283191,12.1,2.03100960115899
"569","zString",1,29,7.89,2.80376730687679,3.56,3.87656778320434,11.4,5.45690184791497
"570","zString",1,30,9,3.70809924354783,3.56,3.74536750904071,12.6,4.69337594677624
"571","zString",1,31,11.7,4.82182538049648,3.22,3.52766841475279,14.9,4.83333333333333
"572","zString",1,32,10.1,2.61937227425028,2.44,3.43187671366233,12.6,5.45690184791497
"573","zString",1,33,10.9,4.371625682868,1.89,2.42097317438899,12.8,5.56277308942621
"574","zString",1,34,11.3,6.36396103067893,3.22,3.83333333333333,14.6,6.72887641272878
"575","zString",1,35,12.3,6.2449979983984,2.11,2.89155859548291,14.4,7.89162706783448
"576","zString",1,36,12.1,6.86375342732467,7.78,16.4223763336627,19.9,21.9228445031914
"577","zString",1,37,8.78,2.04803428790742,1.22,2.63523138347365,10,4.06201920231798
"578","zString",1,38,9.56,4.44722135470878,3,3.39116499156263,12.6,6.06446846622008
"579","zString",1,39,11.6,5.01248441394086,5.5,7.98212288268514,17.1,12.4835606184408
"580","zString",1,40,10.2,3.15348132140408,3.11,3.10017920628971,13.3,3.53553390593274
"581","zString",1,41,9.56,3.32080980752855,3.22,7.12000312109794,12.8,9.10738406154283
"582","zString",1,42,10.2,3.38296385503074,2,4.27200187265877,12.2,5.95352369983058
"583","zString",1,43,10.8,3.80058475033046,3.22,3.99304951690365,14,5.07444578254611
"584","zString",1,44,9.11,2.61937227425028,0.889,1.36422546197874,10,3.53553390593274
"585","zString",1,45,8.5,3.58568582800318,1.5,1.51185789203691,10,3.46410161513775
"586","zString",1,46,9.62,4.68851179556401,5.75,10.2504355308167,15.4,14.1919242629643
"587","zString",1,47,11.4,2.60341655863555,3.56,3.24465372232196,15,4.44409720865779
"588","zString",1,48,13,4.12310562561766,3.22,6.07819417627016,16.2,7.56270086969228
"589","zString",1,49,8.67,3.3166247903554,1.89,2.26077666104176,10.6,5.12618549974323
"590","zString",1,50,9.62,4.24053568044685,1.25,1.83225076262581,10.9,5.51459103521869
"591","zString",1,51,11.8,3.03223423311004,2.78,2.58736244937667,14.6,5.02770104299945
"592","zString",1,52,12.9,5.03598164324604,2.22,4.54911468798539,15.1,7.62306441735285
"593","zString",1,53,9,2.44948974278318,1.56,2.35112266327765,10.6,2.96273147243853
"594","zString",1,54,9.67,3.24037034920393,2,3.77491721763537,11.7,4.24264068711928
"595","zString",1,55,9.56,3.2829526005987,2.56,3.43187671366233,12.1,6.09188896083235
"596","zString",1,56,11.6,4.36208410943413,2.33,4.03112887414927,13.9,6.64161961505709
"597","zString",1,57,9.33,3.93700393700591,2,3.04138126514911,11.3,5.1478150704935
"598","zString",1,58,10.1,3.14024061356946,2.89,3.85501116874013,13,5.09901951359278
"599","zString",1,59,11.2,4.26549463068991,2,3.87298334620742,13.2,7.25909391346086
"600","zString",1,60,10.4,2.35112266327765,2.33,4.87339717240448,12.8,5.6740148435164
"601","zString",1,61,8,4.27200187265877,4.22,3.63241578628389,12.2,4.89330608530107
"602","zString",1,62,8.67,3.3166247903554,2.44,1.42400062421959,11.1,3.65528536657688
"603","zString",1,63,11.4,4.09606857581484,5.11,5.86183513168966,16.6,6.74742749333239
"604","zString",1,64,11.8,3.38296385503074,3.67,3.53553390593274,15.4,4.79872668296266
"605","zString",1,65,10.6,4.30439052338165,4.11,3.98260104844951,14.7,5.45435605731786
"606","zString",1,66,10.6,3.67801274845232,3,2.44948974278318,13.6,4.90181372328425
"607","zString",1,67,9.22,3.41971408811387,3.33,3.60555127546399,12.6,5.05250213040804
"608","zString",1,68,13.3,5.3619026473818,4.22,3.49205447329283,17.6,4.95255265270121
"609","zString",1,69,9.78,3.30823887354653,4.22,3.56292638773866,14,5.1234753829798
"610","zString",1,70,9.33,2.82842712474619,1.89,2.57120810342359,11.2,3.56292638773866
"611","zString",1,71,9.44,3.46810867444747,5.78,8.51143022320247,15.2,6.97814047181944
"612","zString",1,72,11.6,3.81153220867642,4.44,3.50396600693811,16,5.80947501931113
"613","zString",1,73,8.11,4.7551142058957,2,1.58113883008419,10.1,5.68868272195867
"614","zString",1,74,8.56,3.12694383988229,6.67,9.16515138991168,15.2,7.36168760845259
"615","zString",1,75,11.2,3.15348132140408,4.78,7.29345216234702,16,6.42261628933256
"616","zString",1,76,9.67,3.08220700148449,2.89,3.21886798597133,12.6,4.21637021355784
"617","zString",1,77,8.33,2.64575131106459,3.33,2.87228132326901,11.7,4.09267638593623
"618","zString",1,78,12.3,4.21307488658818,3.56,2.50554939639548,15.9,5.32551510289015
"619","zString",1,79,8.89,2.93446947694317,3,5.1478150704935,11.9,5.64456474062537
"620","zString",1,80,13.3,4.41588043316392,3.11,3.68932393686311,16.4,4.92724849969816
"621","zString",1,81,8.78,3.45607355888795,3.44,3.20589734361189,12.2,5.33333333333333
"622","zString",1,82,9.78,2.94863433549236,3.67,3.04138126514911,13.4,3.12694383988229
"623","zString",1,83,9.78,3.70060055186242,3.78,2.63523138347365,13.6,4.90181372328425
"624","zString",1,84,9.11,3.14024061356946,3.67,3,12.8,3.66666666666667
"625","zString",1,85,9.33,3.70809924354783,4.33,3.96862696659689,13.7,6.08276253029822
"626","zString",1,86,10.2,3.76755151848577,3.89,4.80740170061865,14.1,5.23078494215841
"627","zString",1,87,11,3.96862696659689,3.44,3.46810867444747,14.4,6.87588378157876
"628","zString",1,88,11,2.54950975679639,3.56,3.60940130461795,14.6,4.27525177946022
"629","zString",1,89,10.6,4.09606857581484,4.22,3.86580450158107,14.8,6.75976659689108
"630","zString",1,90,9.89,2.93446947694317,2.89,3.25747004761534,12.8,4.02423215588321
"631","zString",1,91,9.44,4.33333333333333,3,3.70809924354783,12.4,4.63980363569168
"632","zString",1,92,10,4.69041575982343,3.44,4.0345728123034,13.4,4.50308536203543
"633","zString",1,93,6,3.5,2.78,3.03223423311004,8.78,4.17665469538056
"634","zString",1,94,8.89,3.78960566696736,0.778,0.97182531580755,9.67,4.41588043316392
"635","zString",1,95,10,4.09267638593623,6.67,6.78232998312527,16.7,6.53834841531101
"636","zString",1,96,9.89,3.58623913189167,1.22,1.39443337755679,11.1,3.85501116874013
"637","zString",1,97,6.89,4.19655943733806,2.56,2.60341655863555,9.44,5.47976074092453
"638","zString",1,98,9.11,3.17979733805649,1.44,2.12785755580062,10.6,4.71993408616877
"639","zString",1,99,8.78,5.06896877524852,2.44,2.12785755580062,11.2,5.84760159761628
"640","zString",1,100,9.67,3.80788655293195,2.56,2.45515331044271,12.2,4.99444135459057
"641","zString",1,101,7.33,2.91547594742265,1.78,1.56347191994114,9.11,4.13655788199695
"642","zString",1,102,7.89,2.57120810342359,2.44,2.78886675511359,10.3,4.74341649025257
"643","zString",1,103,10.8,3.59783885748715,1.22,1.64147630029935,12,4.15331193145904
"644","zString",1,104,12.1,4.42844341852881,2.11,2.26077666104176,14.2,5.14241620684717
"645","zString",1,105,7.89,3.91932533876828,0.889,1.26929551764398,8.78,3.66666666666667
"646","zString",1,106,9.89,3.78960566696736,2,1.6583123951777,11.9,4.25571511160124
"647","zString",1,107,8.78,2.86259400621961,1,0.866025403784439,9.78,2.68224615657185
"648","zString",1,108,10.3,2.87228132326901,3.56,3.97212509593766,13.9,5.68868272195867
"649","zString",1,109,6.33,2.91547594742265,1.22,1.7873008824606,7.56,3.97212509593766
"650","zString",1,110,8.78,2.86259400621961,1.78,1.71593835683117,10.6,3.50396600693811
"651","zString",1,111,9.22,3.86580450158107,2.44,1.9436506316151,11.7,5.02493781056044
"652","zString",1,112,10.3,2.23606797749979,2.22,4.17665469538056,12.6,4.36208410943413
"653","zString",1,113,7.44,3.53946009693255,2.78,4.11636301174282,10.2,6.20035841257942
"654","zString",1,114,9.11,3.72305131728145,2.33,3.8405728739343,11.4,6.26719855898772
"655","zString",1,115,8,3.8405728739343,1.44,1.58989866902824,9.44,3.00462606288666
"656","zString",1,116,10.1,4.28498671072748,2.22,1.92209376577847,12.3,4.66368952654441
"657","zString",1,117,7.44,2.87711275027201,1.33,2,8.78,3.63241578628389
"658","zString",1,118,9.67,4.03112887414927,1,1.11803398874989,10.7,3.46410161513775
"659","zString",1,119,9,3.80788655293195,4.67,6.18465843842649,13.7,6.08276253029822
"660","zString",1,120,11.3,4.5,2.78,1.98606254796883,14.1,5.13430726691645
"661","zString",1,121,8.44,2.2973414586817,2.11,2.31540733157497,10.6,3.77859468291821
"662","zString",1,122,11.7,3.04138126514911,1.78,1.85592145427667,13.4,3.94053013917896
"663","zString",1,123,10.7,3.90512483795333,2.78,2.86259400621961,13.4,6.26719855898772
"664","zString",1,124,12.6,4.09606857581484,2.56,2.40370085030933,15.1,4.78132942926035
"665","zString",1,125,8.67,3.57071421427143,4.11,4.28498671072748,12.8,5.80469158908933
"666","zString",1,126,11.4,3.74536750904071,3.56,3.71184290855335,15,6.10327780786685
"667","zString",1,127,10,4.47213595499958,5,5.09901951359278,15,7.3143694191639
"668","zString",1,128,11.2,3.23178657161089,2.67,2.12132034355964,13.9,4.07567308687916
"669","zString",1,129,10,2.12132034355964,5.78,8.42285251232885,15.8,9.49707557327225
"670","zString",1,130,10.8,4.23608834237961,2.67,4.03112887414927,13.4,6.67291373972253
"671","zString",1,131,9.56,2.50554939639548,3.67,3.3166247903554,13.2,5.0194067821252
"672","zString",1,132,10.2,2.63523138347365,2.56,2.2973414586817,12.8,4.02423215588321
"673","zString",1,133,9.67,2.82842712474619,6.11,6.5659052011974,15.8,8.67147302621904
"674","zString",1,134,11,3.39116499156263,2.22,3.83333333333333,13.2,6.53409859463755
"675","zString",1,135,11.4,2.2973414586817,4,4.52769256906871,15.4,6.54047229011619
"676","zString",1,136,10.2,2.94863433549236,3.33,2.17944947177034,13.6,4.09606857581484
"677","zString",1,137,10.1,3.9510898637099,3.11,2.20479275922049,13.2,5.472151719794
"678","zString",1,138,8.11,2.08832734769028,2.56,2.60341655863555,10.7,4.47213595499958
"679","zString",1,139,9,2.72554057547699,3.12,3.48209706929603,12.1,4.88254910003839
"680","zString",1,140,9.11,2.02758751009941,3.33,4.03112887414927,12.4,4.74634362196605
"681","zString",1,141,8.89,3.14024061356946,2.22,2.86259400621961,11.1,4.22624077770199
"682","zString",1,142,9.22,3.15348132140408,3.67,3.57071421427143,12.9,5.90432986130612
"683","zString",1,143,11.8,2.90593262902712,2.22,3.52766841475279,14,5.8309518948453
"684","zString",1,144,12.8,3.99304951690365,3,3.57071421427143,15.8,6.74124947205223
"685","zString",1,145,10.6,5.2704627669473,3.22,3.80058475033046,13.8,7.15502931122189
"686","zString",1,146,9.89,3.14024061356946,3.22,3.45607355888795,13.1,5.01109879279097
"687","zString",1,147,11.4,3.64386851817924,2.67,2.12132034355964,14.1,5.18277060182207
"688","zString",1,148,13,2.64575131106459,3.11,2.84800124843918,16.1,4.83333333333333
"689","zString",1,149,9.78,3.92994204085053,4,3.64005494464026,13.8,6.9602043392737
"690","zString",1,150,9.22,2.77388616284887,2.89,3.78960566696736,12.1,6.19363472535402
"691","zString",1,151,13.2,4.94413232473044,2.67,4.30116263352131,15.9,4.48454134902457
"692","zString",1,152,14.7,4.66368952654441,3,3.64005494464026,17.7,4.33012701892219
"693","zString",1,153,13,4.82182538049648,4.44,6.26719855898772,17.4,7.1956777149743
"694","zString",1,154,12.4,3.60940130461795,3.22,4.89330608530107,15.7,6.96419413859206
"695","zString",1,155,13.4,5.19882465349407,2.44,5.54777232569775,15.9,5.62237593114433
"696","zString",1,156,15.8,5.23874454850057,1.67,1.58113883008419,17.4,5.76868943329226
"697","zString",1,157,11.4,5.05250213040804,5.78,7.31057073315377,17.2,6.33990886720341
"698","zString",1,158,12.1,3.85501116874013,1.33,2.5,13.4,3.60940130461795
"699","zString",1,159,12,4.63680924774785,3.78,4.29469957557504,15.8,4.38114647603164
"700","zString",1,160,14,5.67890834580027,3.11,4.85912657903775,17.1,6.37268476476839
"701","zString",1,161,11.8,4.54911468798539,3.11,4.42844341852881,14.9,5.86183513168966
"702","zString",1,162,10.4,3.77859468291821,3.89,5.66666666666667,14.3,6.81909084849293
"703","zString",1,163,11.4,5.47976074092453,4.78,11.1218004138019,16.2,8.6136197062817
"704","zString",1,164,14.1,4.371625682868,4.33,6.72681202353685,18.4,7.68295371441074
"705","zString",1,165,11.9,4.59468291736341,4.44,5.76868943329226,16.3,6.18465843842649
"706","zString",1,166,11.2,2.72845092395748,3.78,5.80469158908933,15,6.6332495807108
"707","zString",1,167,13.7,4,4.33,6.80073525436772,18,6.59545297913646
"708","zString",1,168,13.6,1.9436506316151,2.44,3.77859468291821,16,4.15331193145904
"709","zString",1,169,10.7,3.35410196624968,3.56,4.21637021355784,14.2,5.71790559946948
"710","zString",1,170,13.2,5.73972511924085,2.78,5.11805084426136,16,6.30476010645925
"711","zString",1,171,12.9,4.19655943733806,4.22,5.33333333333333,17.1,6.17341972581738
"712","zString",1,172,15.2,6.81501610008696,1.44,1.87823794493077,16.7,7.21110255092798
"713","zString",1,173,11.6,3.24465372232196,3.89,5.3489355119604,15.4,8.04846431176642
"714","zString",1,174,13,4.74341649025257,3.33,4.47213595499958,16.3,5.70087712549569
"715","zString",1,175,12.2,4.99444135459057,3.22,3.03223423311004,15.4,6.42477842246546
"716","zString",1,176,12.3,4.79583152331272,3.33,5.61248608016091,15.7,3.53553390593274
"717","zString",1,177,11.9,3.9510898637099,7,7.92148975887743,18.9,8.00694143297621
"718","zString",1,178,11.9,3.62092683040007,2.44,4.21637021355784,14.3,5.1720402163943
"719","zString",1,179,12.9,3.58623913189167,3.78,5.33333333333333,16.7,5.07444578254611
"720","zString",1,180,13.7,4.30116263352131,2.22,3.19287401011134,15.9,4.88478362991761
"721","zString",2,1,8.11,2.89155859548291,4.56,4.63980363569168,12.7,3.67423461417477
"722","zString",2,2,9.56,3.60940130461795,4,4.30116263352131,13.6,5.74697988318889
"723","zString",2,3,9,3.04138126514911,2,1.58113883008419,11,3.04138126514911
"724","zString",2,4,11.2,4.23608834237961,3.22,2.16666666666667,14.4,4.79872668296266
"725","zString",2,5,7,1.93649167310371,4.33,2.64575131106459,11.3,3.64005494464026
"726","zString",2,6,10.1,4.48454134902457,3.78,3.73422608373468,13.9,7.09655628534792
"727","zString",2,7,11.1,2.47206616236522,2.89,2.66666666666667,14,3.278719262151
"728","zString",2,8,10.9,3.68932393686311,2.78,3.15348132140408,13.7,2.95803989154981
"729","zString",2,9,8.22,2.63523138347365,1.89,2.20479275922049,10.1,2.84800124843918
"730","zString",2,10,8.11,2.80376730687679,1.67,1.73205080756888,9.78,3.0731814857643
"731","zString",2,11,11,2.73861278752583,5,3.39116499156263,16,4.15331193145904
"732","zString",2,12,8.67,3,1.67,2.73861278752583,10.3,3.35410196624968
"733","zString",2,13,9.33,2.87228132326901,2.89,2.02758751009941,12.2,3.1135902820449
"734","zString",2,14,8.56,2.87711275027201,1.78,1.7873008824606,10.3,2.54950975679639
"735","zString",2,15,10.9,3.14024061356946,2.89,1.45296631451356,13.8,1.98606254796883
"736","zString",2,16,11.4,1.9436506316151,2.67,2.95803989154981,14.1,3.98260104844951
"737","zString",2,17,9.67,4.09267638593623,2.78,1.98606254796883,12.4,3.84418753155693
"738","zString",2,18,10.6,3.46810867444747,1.56,1.13038833052088,12.1,3.40750805004348
"739","zString",2,19,9.67,3.60555127546399,2.56,2.35112266327765,12.2,1.98606254796883
"740","zString",2,20,11,2.91547594742265,2,1.73205080756888,13,1.93649167310371
"741","zString",2,21,9,3.46410161513775,2.89,2.89155859548291,11.9,3.82244831372657
"742","zString",2,22,8.22,2.53859103528797,4.67,4.15331193145904,12.9,4.16666666666667
"743","zString",2,23,11.3,4.5,2.78,2.77388616284887,14.1,4.07567308687916
"744","zString",2,24,12,3.70809924354783,1.33,1.73205080756888,13.3,3.08220700148449
"745","zString",2,25,7,3.278719262151,1.89,1.90029237516523,8.89,3.65528536657688
"746","zString",2,26,9.22,2.4381231397213,2.56,2.50554939639548,11.8,2.48886408717801
"747","zString",2,27,11.2,2.94863433549236,4.33,5.1234753829798,15.6,6.46357314322177
"748","zString",2,28,11,3.08220700148449,2.22,1.92209376577847,13.2,3.03223423311004
"749","zString",2,29,8.22,3.0731814857643,3.44,3.00462606288666,11.7,3
"750","zString",2,30,10.7,4.89897948556636,4.78,3.83333333333333,15.4,5.17472489875334
"751","zString",2,31,10.6,2.96273147243853,5.33,5.29150262212918,15.9,5.41858940233629
"752","zString",2,32,9.67,3,4.56,9.27511605198435,14.2,11.0767524322088
"753","zString",2,33,8.67,2.73861278752583,3.78,3.70060055186242,12.4,4.85054407028508
"754","zString",2,34,9.67,3.77491721763537,2.67,2.54950975679639,12.3,3.64005494464026
"755","zString",2,35,8.67,2,2.22,3.86580450158107,10.9,3.9510898637099
"756","zString",2,36,8.78,3.30823887354653,3.67,4.41588043316392,12.4,5.63717817509592
"757","zString",2,37,7,3.46410161513775,2.89,3.33333333333333,9.89,4.53994615729208
"758","zString",2,38,8.22,4.20647648804132,2.44,3.2829526005987,10.7,3.96862696659689
"759","zString",2,39,9.22,4.71109800836752,2.33,3.64005494464026,11.6,4.53075907302273
"760","zString",2,40,8.89,2.84800124843918,1.67,1.80277563773199,10.6,2.55495161945932
"761","zString",2,41,7.33,3.60555127546399,2.67,2.69258240356725,10,3.16227766016838
"762","zString",2,42,9.44,4.5856054973992,1.89,3.51583718495483,11.3,3.3166247903554
"763","zString",2,43,9.67,3.39116499156263,1.89,1.96497102042527,11.6,2.24227067451229
"764","zString",2,44,8.11,2.08832734769028,1.44,1.58989866902824,9.56,2.00693242979872
"765","zString",2,45,9,4.79583152331272,2.78,3.66666666666667,11.8,7.41245198597903
"766","zString",2,46,8.33,1.93649167310371,2.33,2,10.7,3.53553390593274
"767","zString",2,47,9.78,3.03223423311004,3.67,4.82182538049648,13.4,4.82470494204338
"768","zString",2,48,10.6,2.78886675511359,2.33,2.34520787991171,12.9,1.69148192751537
"769","zString",2,49,7,2.82842712474619,2.11,2.26077666104176,9.11,4.22624077770199
"770","zString",2,50,9.11,3.33333333333333,1.89,3.33333333333333,11,2.5
"771","zString",2,51,8.25,3.4537764010676,5.25,4.20034012228262,13.5,4.53557367611073
"772","zString",2,52,10,3.08220700148449,1.78,1.7873008824606,11.8,2.77388616284887
"773","zString",2,53,8.89,3.8873012632302,1.56,1.13038833052088,10.4,4.09606857581484
"774","zString",2,54,8.11,2.31540733157497,3.89,3.98260104844951,12,3.64005494464026
"775","zString",2,55,8.67,2.91547594742265,1.22,1.48136573621926,9.89,2.57120810342359
"776","zString",2,56,9.44,2.87711275027201,0.667,1.11803398874989,10.1,2.08832734769028
"777","zString",2,57,8.56,3.16666666666667,3.67,5.65685424949238,12.2,6.37921973633488
"778","zString",2,58,8.44,3.04594448041618,2.78,3.1135902820449,11.2,4.23608834237961
"779","zString",2,59,7.22,2.94863433549236,4.89,5.25462759014482,12.1,5.84047182264508
"780","zString",2,60,10.1,2.42097317438899,2.67,4.15331193145904,12.8,4.38114647603164
"781","zString",2,61,10,6.32455532033676,5.67,4.63680924774785,15.7,8.8034084308295
"782","zString",2,62,10,2.87228132326901,4.33,6.96419413859206,14.3,8.03118920210451
"783","zString",2,63,10.9,5.15859584684739,4.67,6.22494979899437,15.6,8.44261676127596
"784","zString",2,64,11,5,2.89,5.44160923910484,13.9,8.88037786983815
"785","zString",2,65,9.89,5.23078494215841,3.67,3.60555127546399,13.6,7.28201742498449
"786","zString",2,66,8.44,3.35824027993498,3.67,4.55521678957215,12.1,6.37268476476839
"787","zString",2,67,8.67,3.39116499156263,2.22,3.83333333333333,10.9,5.64456474062537
"788","zString",2,68,12.3,5.3851648071345,3.11,3.82244831372657,15.4,7.40120110372484
"789","zString",2,69,9.33,5.04975246918104,5.33,5.8949130612758,14.7,9.79795897113271
"790","zString",2,70,9.22,4.94413232473044,6.11,4.51232879022696,15.3,7.3824115301167
"791","zString",2,71,11.2,3.63241578628389,3,4.03112887414927,14.2,5.472151719794
"792","zString",2,72,10.7,4.38748219369606,4.44,6.55955621805148,15.1,10.2645560601085
"793","zString",2,73,8.89,2.02758751009941,1.56,2.185812841434,10.4,3.43187671366233
"794","zString",2,74,10.1,3.33333333333333,4.67,3.57071421427143,14.8,5.86893895388634
"795","zString",2,75,11.2,3.80058475033046,1.44,2.185812841434,12.7,5.33853912601566
"796","zString",2,76,9.56,3.67801274845232,3.78,4.57651007258199,13.3,6.59545297913646
"797","zString",2,77,7.56,3.81153220867642,1.11,2.26077666104176,8.67,4.27200187265877
"798","zString",2,78,10.8,5.38000413052299,5.33,7.10633520177595,16.1,10.9595214818491
"799","zString",2,79,9.11,3.62092683040007,5.44,6.78437747901587,14.6,8.09492296305393
"800","zString",2,80,11,4.62910049886276,3.25,2.96407056017806,14.2,3.61544306709822
"801","zString",2,81,8.22,3.99304951690365,2.67,2.34520787991171,10.9,5.84047182264508
"802","zString",2,82,9.78,3.70060055186242,3.33,4.09267638593623,13.1,5.77590781705449
"803","zString",2,83,11.1,3.33333333333333,3,4.03112887414927,14.1,6.84551759263762
"804","zString",2,84,10.6,3.00462606288666,3.44,7.4180710280893,14,9.40744386111339
"805","zString",2,85,9.89,4.93569763165362,1.67,2.29128784747792,11.6,6.12599198316304
"806","zString",2,86,8.89,3.91932533876828,3,5.7227615711298,11.9,7.84927455954441
"807","zString",2,87,8.56,3.46810867444747,4.33,8.26135582092915,12.9,8.80971685760167
"808","zString",2,88,10.7,4.47213595499958,2.89,4.51232879022696,13.6,7.66666666666667
"809","zString",2,89,9.11,2.47206616236522,3.11,2.66666666666667,12.2,4.65772953749404
"810","zString",2,90,9.89,5.48735921105144,2.22,3.38296385503074,12.1,7.49073501808141
"811","zString",2,91,12.3,3.20156211871642,2,3.77491721763537,14.3,4.03112887414927
"812","zString",2,92,13.4,3.81153220867642,1,1.80277563773199,14.4,3.50396600693811
"813","zString",2,93,9.78,2.68224615657185,3.56,5.98145281497545,13.3,6.06217782649107
"814","zString",2,94,8.56,2.12785755580062,2,2.87228132326901,10.6,2.74367960552572
"815","zString",2,95,11.7,2.82842712474619,4.11,5.18277060182207,15.8,6.05759394846208
"816","zString",2,96,11.2,2.81858908754796,1.78,2.33333333333333,13,2.5
"817","zString",2,97,8.78,3.03223423311004,1.22,1.92209376577847,10,2.44948974278318
"818","zString",2,98,10,2.29128784747792,3.44,4.18661889569349,13.4,4.245913067619
"819","zString",2,99,9.22,4.38114647603164,7.44,8.44261676127596,16.7,7.05336798983294
"820","zString",2,100,11.3,3.278719262151,2.33,1.80277563773199,13.7,2.73861278752583
"821","zString",2,101,9.67,3.24037034920393,3.56,4.15665463777998,13.2,6.03692342542494
"822","zString",2,102,9.78,3.56292638773866,1.67,1.6583123951777,11.4,2.74367960552572
"823","zString",2,103,10.3,3.57071421427143,3.33,3.42782730020052,13.7,3.70809924354783
"824","zString",2,104,10.6,2.12785755580062,1.89,1.76383420737639,12.4,2.69773567603977
"825","zString",2,105,8.78,3.49205447329283,2.78,4.26549463068991,11.6,4.79872668296266
"826","zString",2,106,11.9,4.10622833158497,2.67,4.03112887414927,14.6,4.97772817435603
"827","zString",2,107,10.9,4.16666666666667,2.89,3.91932533876828,13.8,3.63241578628389
"828","zString",2,108,10.9,2.31540733157497,1.89,2.31540733157497,12.8,2.10818510677892
"829","zString",2,109,8,2.5,1.44,3.2829526005987,9.44,3.50396600693811
"830","zString",2,110,9.22,2.58736244937667,1.89,2.20479275922049,11.1,3.14024061356946
"831","zString",2,111,9.56,3.20589734361189,3.11,4.10622833158497,12.7,3.64005494464026
"832","zString",2,112,11.7,2.73861278752583,1.78,1.64147630029935,13.4,2.2973414586817
"833","zString",2,113,8.78,2.63523138347365,1,1.3228756555323,9.78,2.48886408717801
"834","zString",2,114,8.67,2.44948974278318,2.89,4.83333333333333,11.6,3.90867979985286
"835","zString",2,115,9.11,2.47206616236522,2.78,4.35252161906686,11.9,4.42844341852881
"836","zString",2,116,10.8,2.16666666666667,2.89,4.13655788199695,13.7,4.15331193145904
"837","zString",2,117,8.56,3.04594448041618,1.89,2.52212432507026,10.4,4.36208410943413
"838","zString",2,118,10.2,2.48886408717801,2.78,4.29469957557504,13,5.24404424085076
"839","zString",2,119,11.8,2.53859103528797,2.78,4.14661843487491,14.6,4.53075907302273
"840","zString",2,120,12.4,3.08670986290869,2,2,14.4,4.41902452785428
"841","zString",2,121,8,2.34520787991171,1.33,1.58113883008419,9.33,3.04138126514911
"842","zString",2,122,8.22,2.58736244937667,2.33,2.17944947177034,10.6,3.43187671366233
"843","zString",2,123,10,3.90512483795333,2,2.64575131106459,12,5.02493781056044
"844","zString",2,124,10.6,3.20589734361189,1.78,2.38630351054606,12.3,4.55521678957215
"845","zString",2,125,9.22,4.05517502019881,2.11,1.76383420737639,11.3,5.1720402163943
"846","zString",2,126,10.2,3.15348132140408,1.67,2.69258240356725,11.9,4.34293807359846
"847","zString",2,127,9.33,5.22015325445528,3.22,3.15348132140408,12.6,5.81186525805423
"848","zString",2,128,11.4,3.81153220867642,3,3.20156211871642,14.4,4.61278416769935
"849","zString",2,129,9.89,4.19655943733806,1.44,2.12785755580062,11.3,4.84767985741633
"850","zString",2,130,10.2,3.41971408811387,1.44,1.50923085635624,11.7,4.35889894354067
"851","zString",2,131,9.33,3.77491721763537,1.56,1.81046341520004,10.9,4.7551142058957
"852","zString",2,132,11,3.70809924354783,1.44,1.33333333333333,12.4,4.27525177946022
"853","zString",2,133,10.3,5.1234753829798,1.89,2.14734978778752,12.2,6.28048122713892
"854","zString",2,134,10,3.74165738677394,2.44,3.20589734361189,12.4,6.00231436845637
"855","zString",2,135,9.67,3.08220700148449,4.44,3.08670986290869,14.1,4.56739653534824
"856","zString",2,136,11.3,5.3851648071345,2.78,2.86259400621961,14.1,6.25388767976457
"857","zString",2,137,8.67,3.3166247903554,1.33,1.4142135623731,10,3.64005494464026
"858","zString",2,138,7.89,3.44399638662864,2,2.17944947177034,9.89,4.78132942926035
"859","zString",2,139,10.3,4.30116263352131,1.44,1.9436506316151,11.8,5.23874454850057
"860","zString",2,140,9.44,4.36208410943413,4.11,4.04488703317053,13.6,6.10555302800473
"861","zString",2,141,9.22,4.32370725702428,1.33,1.5,10.6,4.97772817435603
"862","zString",2,142,8.89,2.93446947694317,0.889,1.26929551764398,9.78,3.49205447329283
"863","zString",2,143,10.9,5.18277060182207,2.67,3.8405728739343,13.6,6.57858478533018
"864","zString",2,144,11.8,4.43784231856478,1,1.4142135623731,12.8,5.11805084426136
"865","zString",2,145,7.22,2.58736244937667,2,1.5,9.22,3.80058475033046
"866","zString",2,146,10.9,3.17979733805649,3.11,1.76383420737639,14,4.24264068711928
"867","zString",2,147,10.9,3.82244831372657,2,1.93649167310371,12.9,5.15859584684739
"868","zString",2,148,10.7,4.55521678957215,3.11,1.90029237516523,13.8,4.76386864265215
"869","zString",2,149,11,3.66450152525162,2.38,1.92260983338497,13.4,5.0972681759098
"870","zString",2,150,9.44,3.90867979985286,1.89,1.61589328580544,11.3,5.1478150704935
"871","zString",2,151,10.9,3.14024061356946,3.78,2.38630351054606,14.7,3.64005494464026
"872","zString",2,152,11.4,4.55826477705911,5.67,9.78519289539046,17.1,8.4623348498574
"873","zString",2,153,9.22,3.63241578628389,3.67,4.79583152331272,12.9,6.91817252683909
"874","zString",2,154,9.44,5.83333333333333,5.22,5.35671955999607,14.7,10.4522724801834
"875","zString",2,155,9.78,4.79003595439997,1.56,1.33333333333333,11.3,5.67890834580027
"876","zString",2,156,12.9,6.31356564162527,3.67,4.89897948556636,16.6,8.23272602348564
"877","zString",2,157,9.44,3.84418753155693,6,8.10863737011343,15.4,10.2604959810809
"878","zString",2,158,11.3,5.67890834580027,3.44,4.90181372328425,14.8,10.3171916936948
"879","zString",2,159,11.7,5.61248608016091,3.22,2.68224615657185,14.9,7.68837506311386
"880","zString",2,160,13.1,4.9860917672172,4.33,4.84767985741633,17.4,8.80498596124819
"881","zString",2,161,9.11,4.88478362991761,4.44,4.71993408616877,13.6,8.63294722431325
"882","zString",2,162,8.56,5.15051238012081,3.89,4.01386485959743,12.4,7.56820835982849
"883","zString",2,163,10.9,4.62180820795402,4.11,4.34293807359846,15,8.10863737011343
"884","zString",2,164,11.8,4.96935050529186,2.56,2.50554939639548,14.3,6.92820323027551
"885","zString",2,165,9.78,5.35671955999607,4.33,3.1224989991992,14.1,8.29825952300307
"886","zString",2,166,12.2,8.77179824462718,4.67,5.65685424949238,16.9,12.594090324875
"887","zString",2,167,12.7,6.04152298679729,3.78,7.29345216234702,16.4,9.04310664416702
"888","zString",2,168,11.8,4.96935050529186,2,3.53553390593274,13.8,7.41245198597903
"889","zString",2,169,9.56,3.71184290855335,2.67,1.93649167310371,12.2,5.0194067821252
"890","zString",2,170,10.9,5.03598164324604,3.89,5.37225382042873,14.8,9.73110705133
"891","zString",2,171,10.6,4.83846197522666,2.62,3.99776723398735,13.2,7.86947084806669
"892","zString",2,172,9.78,4.20647648804132,3.67,3.24037034920393,13.4,6.50213640104372
"893","zString",2,173,8.67,4.92442890089805,3.89,4.53994615729208,12.6,8.45740963757685
"894","zString",2,174,10.1,4.45658065237365,3.56,3.2829526005987,13.7,7.08872343937891
"895","zString",2,175,12.2,5.82618609764951,3.56,3.20589734361189,15.8,8.24284201258549
"896","zString",2,176,11.9,4.45658065237365,2.78,2.94863433549236,14.7,4.41588043316392
"897","zString",2,177,7.89,2.71313676601662,5.22,4.99444135459057,13.1,6.48930744464393
"898","zString",2,178,12,5.1478150704935,2.56,3.16666666666667,14.6,7.71542466606847
"899","zString",2,179,10.1,3.82244831372657,4.56,4.79872668296266,14.7,6.81909084849293
"900","zString",2,180,11.6,4.30439052338165,4.78,6.79664950136789,16.3,7.74596669241483
"901","zString",3,1,8.89,4.59468291736341,2.22,3.03223423311004,11.1,6.86375342732467
"902","zString",3,2,10.2,6.24054840894969,4.56,4.97772817435603,14.8,8.65704594214703
"903","zString",3,3,9.78,3.45607355888795,2.44,1.74005108481842,12.2,4.65772953749404
"904","zString",3,4,10.4,4.69337594677624,4.67,5.65685424949238,15.1,8.2529456020933
"905","zString",3,5,7.89,3.17979733805649,2,1.87082869338697,9.89,4.371625682868
"906","zString",3,6,7.44,2.78886675511359,3.89,6.88194094068753,11.3,7.87400787401181
"907","zString",3,7,10.2,4.68448977418507,3.11,5.41858940233629,13.3,7.82623792124926
"908","zString",3,8,11.1,4.34293807359846,2.11,1.83333333333333,13.2,5.09356892997871
"909","zString",3,9,8.56,4.0034707164881,1.11,1.69148192751537,9.67,5.19615242270663
"910","zString",3,10,7.89,3.10017920628971,2.56,4.71993408616877,10.4,6.52133251550462
"911","zString",3,11,10.7,4.7169905660283,4.44,7.16085035298028,15.1,10.7173276105152
"912","zString",3,12,9,4.55521678957215,2.44,3.50396600693811,11.4,6.12599198316304
"913","zString",3,13,8.33,4.74341649025257,3,4.06201920231798,11.3,8.42614977317636
"914","zString",3,14,8.78,4.57651007258199,1.11,1.61589328580544,9.89,5.30199124019562
"915","zString",3,15,10.7,3.87298334620742,3.78,4.81606109226663,14.4,5.61496017597434
"916","zString",3,16,11.8,5.73972511924085,4,5.1478150704935,15.8,8.58454683978394
"917","zString",3,17,9.44,5.19882465349407,3.11,5.03598164324604,12.6,8.64741451404856
"918","zString",3,18,8.56,3.12694383988229,1.67,3.3166247903554,10.2,5.309844107358
"919","zString",3,19,10.3,3.5,4.22,5.54025671286489,14.6,8.57483397960437
"920","zString",3,20,11.2,5.73972511924085,2.22,3.1135902820449,13.4,6.52133251550462
"921","zString",3,21,7.11,3.55121262544375,5,4.58257569495584,12.1,6.35303951751531
"922","zString",3,22,9.22,5.09356892997871,3,3.53553390593274,12.2,7.74237976622462
"923","zString",3,23,9.78,4.05517502019881,4.89,6.09188896083235,14.7,8.20060973342836
"924","zString",3,24,9.89,3.68932393686311,3,5.52268050859363,12.9,7.97565740933693
"925","zString",3,25,8.56,3.81153220867642,2.44,3.87656778320434,11,6.92820323027551
"926","zString",3,26,8.56,3.64386851817924,3,3.90512483795333,11.6,6.34647758821992
"927","zString",3,27,10.6,2.96273147243853,1.78,3.2702361450581,12.3,6
"928","zString",3,28,11.1,4.25571511160124,2.78,5.58519869337201,13.9,9.26612708261176
"929","zString",3,29,10.1,5.75422550054402,2.44,2.92023591132254,12.6,7.76387646590141
"930","zString",3,30,9.44,3.53946009693255,4.78,4.86769395550341,14.2,5.93249057685256
"931","zString",3,31,11,3.64005494464026,5.11,5.66666666666667,16.1,5.27836254070437
"932","zString",3,32,9.11,2.61937227425028,4.78,4.68448977418507,13.9,4.10622833158497
"933","zString",3,33,8.89,3.65528536657688,3.44,3.90867979985286,12.3,3.53553390593274
"934","zString",3,34,10.3,2.69258240356725,3.78,3.76755151848577,14.1,5.03598164324604
"935","zString",3,35,9,3.3166247903554,3.67,3.93700393700591,12.7,3.77491721763537
"936","zString",3,36,11,2.91547594742265,2.56,2.65099562009781,13.6,3.67801274845232
"937","zString",3,37,7,3.35410196624968,2.44,2.06827894099848,9.44,3.81153220867642
"938","zString",3,38,10.6,4.09606857581484,3.44,3.00462606288666,14,4.12310562561766
"939","zString",3,39,8.89,2.52212432507026,3.33,2.12132034355964,12.2,1.85592145427667
"940","zString",3,40,10.1,2.97676184991529,4.22,5.472151719794,14.3,5.65685424949238
"941","zString",3,41,8.89,3.37062473602611,4,3.04138126514911,12.9,4.53994615729208
"942","zString",3,42,9.44,3.64386851817924,4.56,4.245913067619,14,5.45435605731786
"943","zString",3,43,10.3,4.44409720865779,4.11,4.56739653534824,14.4,5.31768537784794
"944","zString",3,44,10.6,3.04594448041618,2.11,2.20479275922049,12.7,3.35410196624968
"945","zString",3,45,8.44,3.53946009693255,3.22,2.58736244937667,11.7,3.60555127546399
"946","zString",3,46,9.89,2.14734978778752,2.44,1.81046341520004,12.3,2.17944947177034
"947","zString",3,47,11.3,3.46410161513775,2.78,1.71593835683117,14.1,3.48010216963685
"948","zString",3,48,12.2,3.45607355888795,3.78,5.40318835914911,16,4.9749371855331
"949","zString",3,49,8.67,3.20156211871642,2,1.58113883008419,10.7,2.69258240356725
"950","zString",3,50,9.44,3.43187671366233,4.11,3.58623913189167,13.6,4.27525177946022
"951","zString",3,51,10.7,3.70809924354783,4.11,3.33333333333333,14.8,2.86259400621961
"952","zString",3,52,10.9,3.21886798597133,2.89,2.61937227425028,13.8,3.89800518784217
"953","zString",3,53,8.56,3.2829526005987,4.11,3.33333333333333,12.7,3.90512483795333
"954","zString",3,54,9.11,3.25747004761534,2.89,4.56739653534824,12,4.33012701892219
"955","zString",3,55,9,2.64575131106459,2.67,2.54950975679639,11.7,2.95803989154981
"956","zString",3,56,11.9,3.21886798597133,2.33,3.42782730020052,14.2,4.81606109226663
"957","zString",3,57,10.6,5.52519481808359,4.33,2.17944947177034,14.9,6.17341972581738
"958","zString",3,58,8.78,3.1135902820449,3.78,3.89800518784217,12.6,4.44722135470878
"959","zString",3,59,11,4.35889894354067,3.33,2.69258240356725,14.3,5.02493781056044
"960","zString",3,60,10.7,2.91547594742265,2.78,1.7873008824606,13.4,3.97212509593766
"961","zString",3,61,7.33,2.29128784747792,3.44,2.92023591132254,10.8,2.81858908754796
"962","zString",3,62,7.56,3.35824027993498,2.78,3.15348132140408,10.3,3.24037034920393
"963","zString",3,63,8.33,3.16227766016838,4.67,6.04152298679729,13,4.82182538049648
"964","zString",3,64,10.2,2.99072640748773,1.89,2.08832734769028,12.1,2.02758751009941
"965","zString",3,65,8.89,3.29561998888086,3.56,4.21637021355784,12.4,4.18661889569349
"966","zString",3,66,7.89,3.14024061356946,2.78,3.34580998331412,10.7,3.08220700148449
"967","zString",3,67,7.22,2.33333333333333,2.33,3.20156211871642,9.56,4.09606857581484
"968","zString",3,68,10.3,3.20156211871642,4.22,6.11918658356194,14.6,7.60116950066092
"969","zString",3,69,7,2.39791576165636,2.89,3.98260104844951,9.89,3.78960566696736
"970","zString",3,70,8.22,2.48886408717801,3.89,3.40750805004348,12.1,4.4001262608147
"971","zString",3,71,8.89,3.29561998888086,4.22,4.26549463068991,13.1,3.51583718495483
"972","zString",3,72,10.2,2.90593262902712,1.33,1.73205080756888,11.6,3.5746017649212
"973","zString",3,73,6.56,3.60940130461795,2.11,2.26077666104176,8.67,4
"974","zString",3,74,9.89,3.78960566696736,2.89,3.44399638662864,12.8,3.76755151848577
"975","zString",3,75,9.33,2.87228132326901,2,1.58113883008419,11.3,2.87228132326901
"976","zString",3,76,9,2.54950975679639,2.11,2.02758751009941,11.1,2.71313676601662
"977","zString",3,77,6.33,2.78388218141501,2.78,3.86580450158107,9.11,5.10990323891863
"978","zString",3,78,9.33,2.95803989154981,2.33,3.46410161513775,11.7,3.16227766016838
"979","zString",3,79,8.11,3.91932533876828,3,3.04138126514911,11.1,1.96497102042527
"980","zString",3,80,9.56,3.16666666666667,2.56,3.50396600693811,12.1,3.62092683040007
"981","zString",3,81,6.33,2.12132034355964,2.44,3.04594448041618,8.78,3.52766841475279
"982","zString",3,82,10.1,3.75647588986155,2.67,3.77491721763537,12.8,4.63081466314993
"983","zString",3,83,8.78,2.86259400621961,3.67,6.22494979899437,12.4,6.00231436845637
"984","zString",3,84,8.56,3.90867979985286,1.44,1.66666666666667,10,2.91547594742265
"985","zString",3,85,9.11,3.58623913189167,3.78,2.94863433549236,12.9,4.45658065237365
"986","zString",3,86,8.22,3.59783885748715,2.44,3.81153220867642,10.7,2.54950975679639
"987","zString",3,87,8.89,2.89155859548291,3.33,3.1224989991992,12.2,3.23178657161089
"988","zString",3,88,11.6,5.72518801243922,1.89,3.01846171271247,13.4,7.51849571242664
"989","zString",3,89,8.11,3.51583718495483,3.22,2.86259400621961,11.3,3.39116499156263
"990","zString",3,90,7.11,3.33333333333333,1.78,1.7873008824606,8.89,1.96497102042527
"991","zString",3,91,11,5.61248608016091,3.44,3.67801274845232,14.4,7.68295371441074
"992","zString",3,92,10.8,4.11636301174282,2.56,3.24465372232196,13.3,6.08276253029822
"993","zString",3,93,7,3.35410196624968,5.22,4.71109800836752,12.2,7.08480376894409
"994","zString",3,94,8.11,4.19655943733806,2.33,4.33012701892219,10.4,6.76592771006148
"995","zString",3,95,10.4,3.87656778320434,3.22,2.10818510677892,13.7,4.38748219369606
"996","zString",3,96,9.78,2.72845092395748,2.33,3.39116499156263,12.1,4.56739653534824
"997","zString",3,97,6.89,3.68932393686311,3.44,5.05250213040804,10.3,7.26291952316697
"998","zString",3,98,9.67,5,2.22,1.20185042515466,11.9,5.08538210079745
"999","zString",3,99,10.7,5.7662812973354,5.56,5.2941267247562,16.2,10.1707642015949
"1000","zString",3,100,12.8,7.29345216234702,3.89,4.16666666666667,16.7,10.6770782520313
"1001","zString",3,101,7.67,3.16227766016838,4.44,8.27815062545843,12.1,10.0678255403593
"1002","zString",3,102,9.11,4.25571511160124,4.11,5.48735921105144,13.2,8.22766336479832
"1003","zString",3,103,9.89,5.27836254070437,3.78,3.0731814857643,13.7,7.48331477354788
"1004","zString",3,104,9.75,2.54950975679639,2.88,2.29518128757995,12.6,3.88908729652601
"1005","zString",3,105,11.1,7.35602549690464,2.78,2.94863433549236,13.9,8.68107776207028
"1006","zString",3,106,10.9,4.64877522699378,2.89,2.61937227425028,13.8,5.95352369983058
"1007","zString",3,107,8.78,3.03223423311004,2.78,2.68224615657185,11.6,3.46810867444747
"1008","zString",3,108,10.4,3.39525813124389,1.78,1.48136573621926,12.2,4.11636301174282
"1009","zString",3,109,6.56,3.39525813124389,3.67,3.80788655293195,10.2,6.28048122713892
"1010","zString",3,110,8.89,4.7551142058957,1.33,2.17944947177034,10.2,6.28048122713892
"1011","zString",3,111,8.44,3.67801274845232,2.33,2.12132034355964,10.8,5.42627353203324
"1012","zString",3,112,11,4.41588043316392,2.78,3.0731814857643,13.8,7.0494286608522
"1013","zString",3,113,8.22,4.43784231856478,3.67,4.47213595499958,11.9,6.60387091871965
"1014","zString",3,114,9.22,4.46592033565809,3.11,4.42844341852881,12.3,8.52936105461599
"1015","zString",3,115,9.11,3.10017920628971,1.11,1.36422546197874,10.2,3.86580450158107
"1016","zString",3,116,10.8,4.46592033565809,2.67,2.69258240356725,13.4,6.52133251550462
"1017","zString",3,117,7.44,2.60341655863555,1.78,3.03223423311004,9.22,4.96935050529186
"1018","zString",3,118,9.22,3.92994204085053,2.78,2.90593262902712,12,5.74456264653803
"1019","zString",3,119,11.1,6.47001631459389,4.78,4.23608834237961,15.9,10.2157286138146
"1020","zString",3,120,12,6.12372435695795,2.44,2.74367960552572,14.4,8.53098926137982
"1021","zString",3,121,8.56,2.185812841434,2.78,2.38630351054606,11.3,2.91547594742265
"1022","zString",3,122,10.1,2.61937227425028,4,5.02493781056044,14.1,5.39547135207955
"1023","zString",3,123,12,2.91547594742265,2.67,3.53553390593274,14.7,4.44409720865779
"1024","zString",3,124,12.8,4.89330608530107,3.33,2.06155281280883,16.1,5.25462759014482
"1025","zString",3,125,11.1,3.01846171271247,3.56,2.40370085030933,14.7,3.42782730020052
"1026","zString",3,126,11.1,2.31540733157497,2,3.90512483795333,13.1,4.62180820795402
"1027","zString",3,127,11.7,3.87298334620742,2.33,3.39116499156263,14,4.09267638593623
"1028","zString",3,128,11,3,3.11,2.42097317438899,14.1,3.25747004761534
"1029","zString",3,129,10.7,4.24264068711928,3.11,4.13655788199695,13.8,5.58519869337201
"1030","zString",3,130,11.4,4.0034707164881,3.44,3.20589734361189,14.9,4.04488703317053
"1031","zString",3,131,11.3,2.82842712474619,2.22,3.45607355888795,13.6,4.53075907302273
"1032","zString",3,132,12.7,2.23606797749979,0.889,1.36422546197874,13.6,2.69773567603977
"1033","zString",3,133,9.89,4.25571511160124,3.22,3.83333333333333,13.1,4.7551142058957
"1034","zString",3,134,10.2,4.29469957557504,3,3,13.2,4.60374243897771
"1035","zString",3,135,12.3,3.57071421427143,4.33,5.07444578254611,16.7,5.65685424949238
"1036","zString",3,136,11.9,3.51583718495483,1.78,1.71593835683117,13.7,2.87228132326901
"1037","zString",3,137,10.2,3.38296385503074,2.33,2.39791576165636,12.6,4.12647280104665
"1038","zString",3,138,10.7,3.04138126514911,1.67,1.6583123951777,12.3,2.91547594742265
"1039","zString",3,139,10.8,3.34580998331412,5.11,5.79750904364203,15.9,6.52771867585538
"1040","zString",3,140,12.7,4.89897948556636,3.56,3.67801274845232,16.2,3.86580450158107
"1041","zString",3,141,11.1,5.71061389967061,5.33,6.12372435695795,16.4,9.32886797943769
"1042","zString",3,142,10.6,3.08670986290869,3.11,5.01109879279097,13.7,5.3619026473818
"1043","zString",3,143,12.4,3.24465372232196,4.33,6.85565460040104,16.8,7.189884870041
"1044","zString",3,144,12.4,3.35824027993498,1,1.4142135623731,13.4,3.20589734361189
"1045","zString",3,145,9.33,3.3166247903554,3,3.46410161513775,12.3,3.60555127546399
"1046","zString",3,146,11.8,3.56292638773866,3.11,4.371625682868,14.9,3.40750805004348
"1047","zString",3,147,12.2,3.70060055186242,2.78,3.66666666666667,15,4.74341649025257
"1048","zString",3,148,13.7,3,1.78,1.92209376577847,15.4,3.00462606288666
"1049","zString",3,149,9.89,3.17979733805649,5.67,5.95818764390649,15.6,7.76387646590141
"1050","zString",3,150,9.78,2.48886408717801,4.44,3.32080980752855,14.2,3.66666666666667
"1051","zString",3,151,11.3,5.67890834580027,1.56,2.2973414586817,12.9,6.17341972581738
"1052","zString",3,152,12,3.16227766016838,1.44,1.87823794493077,13.4,3.74536750904071
"1053","zString",3,153,9.67,3.77491721763537,2,2.69258240356725,11.7,5.74456264653803
"1054","zString",3,154,9.44,3.50396600693811,1.89,1.53659074288215,11.3,4.12310562561766
"1055","zString",3,155,11,4.27200187265877,0.667,1.11803398874989,11.7,4.21307488658818
"1056","zString",3,156,13.1,5.44160923910484,1.67,2.06155281280883,14.8,5.97448277631164
"1057","zString",3,157,10.4,3.5746017649212,1.56,2.00693242979872,12,4.74341649025257
"1058","zString",3,158,10.9,4.42844341852881,2.67,2.69258240356725,13.6,5.57025832235613
"1059","zString",3,159,10.7,4.84767985741633,1.11,2.08832734769028,11.8,5.86893895388634
"1060","zString",3,160,10.7,5.07444578254611,3.33,3.16227766016838,14,6.36396103067893
"1061","zString",3,161,7.89,3.65528536657688,2,2.17944947177034,9.89,4.53994615729208
"1062","zString",3,162,9.78,3.63241578628389,1.22,1.92209376577847,11,4.44409720865779
"1063","zString",3,163,9.67,4.38748219369606,2.89,4.01386485959743,12.6,7.10828937071204
"1064","zString",3,164,12.3,4.41588043316392,0.444,0.52704627669473,12.8,4.63081466314993
"1065","zString",3,165,9.56,4.47524052736585,3.33,2,12.9,4.67558671303518
"1066","zString",3,166,12.4,4.50198368975912,2.38,3.06768875307034,14.8,7.24568837309472
"1067","zString",3,167,10.3,4.69041575982343,3.11,3.29561998888086,13.4,5.19882465349407
"1068","zString",3,168,10,4.09267638593623,2.56,3.46810867444747,12.6,4.90181372328425
"1069","zString",3,169,10.2,3.63241578628389,1.67,1.6583123951777,11.9,4.371625682868
"1070","zString",3,170,12.4,2.13390989232709,1.25,1.03509833901353,13.6,1.99553072067128
"1071","zString",3,171,9.44,3.2829526005987,2.22,2.86259400621961,11.7,4.89897948556636
"1072","zString",3,172,12.3,4.74341649025257,2.56,3.90867979985286,14.9,6.62277216210184
"1073","zString",3,173,8.22,3.80058475033046,1.56,1.50923085635624,9.78,4.23608834237961
"1074","zString",3,174,10.2,4.08588355737709,1.44,1.58989866902824,11.7,5.09901951359278
"1075","zString",3,175,10.6,3.77859468291821,3.11,3.21886798597133,13.7,3.24037034920393
"1076","zString",3,176,11,3.53553390593274,0.778,0.833333333333333,11.8,3.45607355888795
"1077","zString",3,177,9.33,3.53553390593274,4,5.63471383479232,13.3,7.1239034243875
"1078","zString",3,178,9.44,3.64386851817924,2.44,2.74367960552572,11.9,4.371625682868
"1079","zString",3,179,9,2.54950975679639,2.67,3.46410161513775,11.7,5.09901951359278
"1080","zString",3,180,11.2,3.03223423311004,2.89,2.75882422620781,14.1,4.88478362991761
