"","task","cond","item","duration_ms_M","duration_ms_SD"
"1","reading",1,1,4800,2300.98796413869
"2","reading",1,2,5050,1306.77013833514
"3","reading",1,3,4030,1801.92118152944
"4","reading",1,4,4960,1650.02083320181
"5","reading",1,5,4160,2244.34996775854
"6","reading",1,6,4450,1487.78614427985
"7","reading",1,7,5150,1291.26386192409
"8","reading",1,8,5330,1470.22540788819
"9","reading",1,9,4070,746.155814826903
"10","reading",1,10,4260,1433.44638120084
"11","reading",1,11,5420,2322.77388649386
"12","reading",1,12,4810,1345.70016885057
"13","reading",1,13,5150,1544.43194339465
"14","reading",1,14,4190,1129.16832718205
"15","reading",1,15,4580,1159.93517539176
"16","reading",1,16,4650,1043.31424370183
"17","reading",1,17,6120,1216.61425686205
"18","reading",1,18,5110,1656.78331245955
"19","reading",1,19,4480,1625.91795440128
"20","reading",1,20,4510,1847.39817791882
"21","reading",1,21,5500,2543.00344627721
"22","reading",1,22,4090,1263.32646216249
"23","reading",1,23,4390,1103.084249326
"24","reading",1,24,5540,1683.47609130632
"25","reading",1,25,4440,1766.89537827733
"26","reading",1,26,3930,1430.85240717242
"27","reading",1,27,5210,2589.12630587574
"28","reading",1,28,3790,1179.7234610045
"29","reading",1,29,4900,1678.37792062588
"30","reading",1,30,4390,1106.47805872708
"31","reading",1,31,3930,1261.76778546785
"32","reading",1,32,3460,1031.82556665359
"33","reading",1,33,3780,1019.5038008757
"34","reading",1,34,3780,909.523089316593
"35","reading",1,35,3460,1311.34877554033
"36","reading",1,36,3730,1237.59913183192
"37","reading",1,37,3630,1104.99635494623
"38","reading",1,38,4220,1405.663672829
"39","reading",1,39,3940,969.240696513398
"40","reading",1,40,3690,1250.27884667559
"41","reading",1,41,3500,1541.97914851156
"42","reading",1,42,4380,1875.1721106193
"43","reading",1,43,4340,1691.15973521131
"44","reading",1,44,3270,965.911544144241
"45","reading",1,45,4130,2017.59132383146
"46","reading",1,46,4200,1699.73415405011
"47","reading",1,47,5400,1624.6295731643
"48","reading",1,48,4490,1832.6612101289
"49","reading",1,49,4070,1670.29681327734
"50","reading",1,50,4290,1658.8741999052
"51","reading",1,51,4350,733.133419720525
"52","reading",1,52,4250,2140.78068574164
"53","reading",1,53,4030,1247.97966730232
"54","reading",1,54,3650,2018.93331984987
"55","reading",1,55,3600,1288.77785561016
"56","reading",1,56,3670,1517.2415760188
"57","reading",1,57,3900,1334.33878756484
"58","reading",1,58,4530,1909.70954015991
"59","reading",1,59,2820,969.597095590626
"60","reading",1,60,3270,823.839402499729
"61","reading",1,61,4580,1136.01347312042
"62","reading",1,62,3910,1452.55249474847
"63","reading",1,63,5240,1873.22542690409
"64","reading",1,64,4720,1538.21631913214
"65","reading",1,65,4880,1660.12118868205
"66","reading",1,66,3510,849.990114321599
"67","reading",1,67,3950,2025.47587001179
"68","reading",1,68,4890,1650.30381882987
"69","reading",1,69,4110,1114.72137774423
"70","reading",1,70,4730,2660.42320150594
"71","reading",1,71,4000,1826.36522756114
"72","reading",1,72,4400,1982.21009509868
"73","reading",1,73,3840,824.516070189053
"74","reading",1,74,4590,1749.39225955124
"75","reading",1,75,4260,2194.74292977054
"76","reading",1,76,3310,1492.87645540785
"77","reading",1,77,3390,888.887475693321
"78","reading",1,78,4530,2227.7947616421
"79","reading",1,79,3800,1121.8632690504
"80","reading",1,80,5020,2108.64935707934
"81","reading",1,81,5740,2284.81493293828
"82","reading",1,82,5920,2218.17331629228
"83","reading",1,83,4120,2629.69670304391
"84","reading",1,84,4180,1974.01355111863
"85","reading",1,85,5960,2807.15497038866
"86","reading",1,86,5200,1497.26799352836
"87","reading",1,87,4570,2010.85388855359
"88","reading",1,88,4860,1679.831572245
"89","reading",1,89,3710,1299.35334344093
"90","reading",1,90,4960,2937.86701726118
"91","reading",1,91,4110,1195.24137497179
"92","reading",1,92,3900,1617.32176589708
"93","reading",1,93,4290,1407.77901319774
"94","reading",1,94,4040,847.640253881327
"95","reading",1,95,4580,3260.41357720833
"96","reading",1,96,3090,1139.27064875345
"97","reading",1,97,3110,1112.27289816843
"98","reading",1,98,4180,1147.48788422556
"99","reading",1,99,3590,957.344243206173
"100","reading",1,100,5160,2380.60168048145
"101","reading",1,101,3840,1137.88968904918
"102","reading",1,102,4210,1354.28266169872
"103","reading",1,103,4530,1281.92140944755
"104","reading",1,104,4660,3420.39565612583
"105","reading",1,105,3960,937.873140556748
"106","reading",1,106,4300,1581.90932455407
"107","reading",1,107,3830,924.152013710106
"108","reading",1,108,4480,1266.10647700385
"109","reading",1,109,3880,1446.76133522814
"110","reading",1,110,3310,536.915056389535
"111","reading",1,111,4010,615.204663325773
"112","reading",1,112,5640,6153.13086972803
"113","reading",1,113,4020,1560.32137003176
"114","reading",1,114,5420,2376.98054262125
"115","reading",1,115,3760,1465.77573318704
"116","reading",1,116,3660,932.22709739157
"117","reading",1,117,3630,1050.98858224055
"118","reading",1,118,4820,1814.86838365761
"119","reading",1,119,4870,1913.60195559172
"120","reading",1,120,4370,1631.26117705835
"121","reading",1,121,4040,1636.27283109443
"122","reading",1,122,4130,2081.58503309377
"123","reading",1,123,3850,1571.7083858019
"124","reading",1,124,4740,2610.96304071888
"125","reading",1,125,3580,1659.73630770406
"126","reading",1,126,3630,1592.12806575909
"127","reading",1,127,3470,1771.5239751255
"128","reading",1,128,3540,1478.31222269782
"129","reading",1,129,3900,2002.48610759503
"130","reading",1,130,4480,1862.37174800784
"131","reading",1,131,4130,2266.37811888877
"132","reading",1,132,4550,2382.43017269715
"133","reading",1,133,4480,2350.2417960712
"134","reading",1,134,4350,1707.81462043683
"135","reading",1,135,3900,1521.53484277481
"136","reading",1,136,3680,1815.2837243803
"137","reading",1,137,4510,2601.03606493857
"138","reading",1,138,4530,1522.18826401701
"139","reading",1,139,2610,639.05511847136
"140","reading",1,140,3600,1702.8868870245
"141","reading",1,141,4610,2454.41515436977
"142","reading",1,142,4840,2605.90626163806
"143","reading",1,143,4160,1324.44214671687
"144","reading",1,144,4880,2828.57490620277
"145","reading",1,145,3260,1636.3704585997
"146","reading",1,146,4030,1444.65151507206
"147","reading",1,147,4250,1789.83389204449
"148","reading",1,148,3940,1522.52515943452
"149","reading",1,149,4850,1866.90084840566
"150","reading",1,150,4560,2549.7158719704
"151","reading",1,151,5040,1052.91841775346
"152","reading",1,152,5870,782.217378851798
"153","reading",1,153,4650,1568.40161027433
"154","reading",1,154,4680,1147.88359601486
"155","reading",1,155,6900,2849.99139374919
"156","reading",1,156,5000,1469.85674850004
"157","reading",1,157,6220,2081.12922739341
"158","reading",1,158,5160,815.393769905069
"159","reading",1,159,6760,3638.30657724167
"160","reading",1,160,5420,2006.65989755226
"161","reading",1,161,5450,1902.6293721526
"162","reading",1,162,4610,1120.58538769302
"163","reading",1,163,5200,1196.10497495459
"164","reading",1,164,6460,3257.89844497611
"165","reading",1,165,5830,1039.34439805955
"166","reading",1,166,6780,1980.00568181003
"167","reading",1,167,4800,2031.06991509401
"168","reading",1,168,5270,1538.5316954089
"169","reading",1,169,5410,2273.26230338692
"170","reading",1,170,5140,1207.64823106731
"171","reading",1,171,4610,1420.21668925712
"172","reading",1,172,4370,1287.88432235887
"173","reading",1,173,4780,1675.08565286807
"174","reading",1,174,4820,1355.37771488246
"175","reading",1,175,4890,3054.00809501947
"176","reading",1,176,4840,1651.3001527416
"177","reading",1,177,6840,3322.14829256278
"178","reading",1,178,5420,1191.40419020769
"179","reading",1,179,4230,950.129567187783
"180","reading",1,180,4940,1286.69759246081
"181","reading",2,1,6500,1965.35467537033
"182","reading",2,2,6770,2203.06871835124
"183","reading",2,3,3540,1149.62843031032
"184","reading",2,4,4250,921.531756250308
"185","reading",2,5,3340,778.175608572884
"186","reading",2,6,3950,1454.51705425241
"187","reading",2,7,4200,1027.65424632996
"188","reading",2,8,4810,1779.81106987355
"189","reading",2,9,3340,793.363269743298
"190","reading",2,10,3180,742.007094155964
"191","reading",2,11,4540,1821.68889891892
"192","reading",2,12,4280,1300.52237368084
"193","reading",2,13,4270,2219.19774042583
"194","reading",2,14,3900,1113.26263498082
"195","reading",2,15,4500,1417.08124326024
"196","reading",2,16,4370,1872.50755079326
"197","reading",2,17,5010,984.525957560851
"198","reading",2,18,4340,1207.01118470377
"199","reading",2,19,4130,1087.50905487929
"200","reading",2,20,4040,1622.78318877716
"201","reading",2,21,6000,3082.89746468769
"202","reading",2,22,3410,771.292926051949
"203","reading",2,23,3810,914.552759549716
"204","reading",2,24,4660,1988.09767393635
"205","reading",2,25,3830,1583.42735685741
"206","reading",2,26,3670,802.747590743469
"207","reading",2,27,4540,1594.52321330791
"208","reading",2,28,3910,1753.62133249393
"209","reading",2,29,4270,459.148245244508
"210","reading",2,30,4390,1344.88525945938
"211","reading",2,31,6970,2215.50779230807
"212","reading",2,32,4570,1160.82084223957
"213","reading",2,33,5710,1463.15182055725
"214","reading",2,34,3980,1053.97190559226
"215","reading",2,35,3310,652.76408023454
"216","reading",2,36,3510,745.288888806064
"217","reading",2,37,4040,1150.65209772546
"218","reading",2,38,4890,1671.74173975661
"219","reading",2,39,4520,1274.51814424119
"220","reading",2,40,4310,1097.31541095125
"221","reading",2,41,3520,925.681655742285
"222","reading",2,42,5290,1755.30109794429
"223","reading",2,43,4330,1573.10171317687
"224","reading",2,44,3610,1309.90983574358
"225","reading",2,45,4940,1640.48045130416
"226","reading",2,46,4660,1220.15317799766
"227","reading",2,47,5700,1541.22352189565
"228","reading",2,48,4920,1440.56766395905
"229","reading",2,49,4860,1200.06681526951
"230","reading",2,50,4210,825.884223120892
"231","reading",2,51,5030,1568.0699920603
"232","reading",2,52,4290,1181.8816682637
"233","reading",2,53,4520,1410.93070150325
"234","reading",2,54,3510,1036.99647754679
"235","reading",2,55,3600,812.486991348853
"236","reading",2,56,3910,1012.059012333
"237","reading",2,57,4860,1249.93457606566
"238","reading",2,58,4610,1605.49291496412
"239","reading",2,59,3290,1019.08059053247
"240","reading",2,60,4130,1139.93893598639
"241","reading",2,61,4910,1946.54545142014
"242","reading",2,62,4100,1808.35077564553
"243","reading",2,63,4070,1249.21525366928
"244","reading",2,64,3650,994.248012877628
"245","reading",2,65,4940,1515.05875390289
"246","reading",2,66,3720,1430.0561857649
"247","reading",2,67,3380,1582.12887521143
"248","reading",2,68,4780,2152.35737687257
"249","reading",2,69,3740,1244.7893842378
"250","reading",2,70,3830,1507.381043768
"251","reading",2,71,3680,1296.59968764457
"252","reading",2,72,3830,1364.9730257815
"253","reading",2,73,3820,1288.39057656356
"254","reading",2,74,4030,1816.11738637983
"255","reading",2,75,4240,1586.31035039735
"256","reading",2,76,3200,1180.33746351532
"257","reading",2,77,3520,1716.51510657818
"258","reading",2,78,3950,1599.4356904164
"259","reading",2,79,4140,1720.25725627819
"260","reading",2,80,3980,1189.24917957134
"261","reading",2,81,4420,1693.73997742012
"262","reading",2,82,4920,2234.29335087803
"263","reading",2,83,3450,1174.79910812208
"264","reading",2,84,4120,1853.18962272558
"265","reading",2,85,4580,1319.85643158641
"266","reading",2,86,4710,2132.89098278474
"267","reading",2,87,4040,1263.31528131342
"268","reading",2,88,3980,1151.40370852278
"269","reading",2,89,4120,1649.73656988017
"270","reading",2,90,3500,1421.2829982488
"271","reading",2,91,5250,1928.99827918822
"272","reading",2,92,5140,1919.77641927387
"273","reading",2,93,4490,1135.067068503
"274","reading",2,94,4700,1649.15137267626
"275","reading",2,95,5100,2321.73816592464
"276","reading",2,96,4190,1963.30154190446
"277","reading",2,97,3720,1015.34107569821
"278","reading",2,98,4980,1129.38877274391
"279","reading",2,99,4200,1273.18476445661
"280","reading",2,100,4510,1310.17827455317
"281","reading",2,101,4230,983.674884185714
"282","reading",2,102,4080,1320.80458433487
"283","reading",2,103,4970,1367.90598279918
"284","reading",2,104,4690,1378.35231748313
"285","reading",2,105,4080,1323.75332336169
"286","reading",2,106,5110,1591.40237770897
"287","reading",2,107,3970,772.421427143959
"288","reading",2,108,5170,3354.18947404254
"289","reading",2,109,4010,991.049710043738
"290","reading",2,110,3440,938.340660125332
"291","reading",2,111,6220,6371.04037378861
"292","reading",2,112,4420,1169.00578603263
"293","reading",2,113,5250,2840.68083584043
"294","reading",2,114,5820,1529.96086551258
"295","reading",2,115,3650,940.531070430129
"296","reading",2,116,4260,869.708284426451
"297","reading",2,117,4280,1348.90993027704
"298","reading",2,118,4540,1262.27296088357
"299","reading",2,119,4760,814.326715759713
"300","reading",2,120,5120,2410.41603140297
"301","reading",2,121,5160,1204.10246657002
"302","reading",2,122,4190,1070.11581668112
"303","reading",2,123,3930,840.579859382795
"304","reading",2,124,5170,2963.45497031946
"305","reading",2,125,4360,1832.61296453391
"306","reading",2,126,4080,966.820102765303
"307","reading",2,127,4040,1587.65527674548
"308","reading",2,128,4010,1010.97032597401
"309","reading",2,129,4260,1818.70222350383
"310","reading",2,130,4340,1108.16399708908
"311","reading",2,131,3640,1182.35172901769
"312","reading",2,132,4600,1972.15465924962
"313","reading",2,133,4320,1130.95425538692
"314","reading",2,134,4700,2518.73722218981
"315","reading",2,135,4760,3843.79139363439
"316","reading",2,136,3900,988.715721417323
"317","reading",2,137,4500,2164.08485277264
"318","reading",2,138,4760,975.863307253862
"319","reading",2,139,3820,909.458767619511
"320","reading",2,140,4900,2348.82112866102
"321","reading",2,141,5930,4228.3244612967
"322","reading",2,142,4540,1321.51078315691
"323","reading",2,143,4470,2453.21147229051
"324","reading",2,144,5300,1403.22940034764
"325","reading",2,145,3720,1141.51826286067
"326","reading",2,146,4670,1546.19490829728
"327","reading",2,147,4310,1290.07567607486
"328","reading",2,148,4640,1980.94027196963
"329","reading",2,149,4850,1215.76969218863
"330","reading",2,150,4070,841.806358044678
"331","reading",2,151,5580,2223.65911531222
"332","reading",2,152,6780,3651.21404467062
"333","reading",2,153,4210,1557.42970235506
"334","reading",2,154,3730,1002.77894428987
"335","reading",2,155,5580,2484.54407286327
"336","reading",2,156,5230,2489.1813803828
"337","reading",2,157,4760,1860.78740800172
"338","reading",2,158,4350,1737.87226227937
"339","reading",2,159,4270,2064.64939181235
"340","reading",2,160,3940,1017.03770551757
"341","reading",2,161,4810,2627.05548095201
"342","reading",2,162,3370,1613.27279500744
"343","reading",2,163,4330,2369.60809582044
"344","reading",2,164,4140,1533.11765693309
"345","reading",2,165,4680,1614.12619119792
"346","reading",2,166,5420,2537.71526180539
"347","reading",2,167,4260,2314.10279590169
"348","reading",2,168,4870,2694.09501399718
"349","reading",2,169,5730,3093.00442306685
"350","reading",2,170,4050,1632.65144779895
"351","reading",2,171,4410,2028.23334456369
"352","reading",2,172,4110,2519.41202355717
"353","reading",2,173,4280,1843.22666207327
"354","reading",2,174,4320,1929.39958997036
"355","reading",2,175,3360,935.992847788439
"356","reading",2,176,4610,1940.32143671552
"357","reading",2,177,4530,1694.2749186599
"358","reading",2,178,4440,1829.7830548395
"359","reading",2,179,3230,1219.45880528117
"360","reading",2,180,5350,1965.53341643207
"361","reading",3,1,4630,1807.68947831202
"362","reading",3,2,4200,1348.02090529454
"363","reading",3,3,3770,1155.21514350262
"364","reading",3,4,4570,1664.26163140829
"365","reading",3,5,3800,1291.67547308826
"366","reading",3,6,3800,1432.64185840162
"367","reading",3,7,4230,1360.97933489087
"368","reading",3,8,4760,1816.09801497606
"369","reading",3,9,3360,923.186871657088
"370","reading",3,10,3530,1312.38565639491
"371","reading",3,11,4610,2171.13383076933
"372","reading",3,12,4110,1674.65586846306
"373","reading",3,13,4190,1200.97770355842
"374","reading",3,14,4470,1502.36486728239
"375","reading",3,15,4250,1578.6937462486
"376","reading",3,16,4310,1907.17400738486
"377","reading",3,17,5100,2108.86248959006
"378","reading",3,18,4250,1650.39660216702
"379","reading",3,19,4340,1384.697540179
"380","reading",3,20,3360,1042.92011252594
"381","reading",3,21,4840,1951.19483337205
"382","reading",3,22,4210,1589.23145297062
"383","reading",3,23,3990,1264.20176835468
"384","reading",3,24,4140,1662.12354969312
"385","reading",3,25,3400,1232.18939065569
"386","reading",3,26,4110,1576.94639872268
"387","reading",3,27,4270,2024.69682915739
"388","reading",3,28,3600,1438.39758450545
"389","reading",3,29,3980,1582.78966104505
"390","reading",3,30,4460,1403.36694338216
"391","reading",3,31,5450,1653.85798967142
"392","reading",3,32,4150,1938.42971242189
"393","reading",3,33,5540,1910.21314982852
"394","reading",3,34,4320,1299.4700843036
"395","reading",3,35,3320,832.104410515892
"396","reading",3,36,3150,676.168248293278
"397","reading",3,37,5160,1796.16450929319
"398","reading",3,38,3890,1279.13116128792
"399","reading",3,39,6040,2913.61824026416
"400","reading",3,40,3550,1349.34753780402
"401","reading",3,41,3290,988.78466367107
"402","reading",3,42,4490,1090.04244310842
"403","reading",3,43,4990,2892.30340732088
"404","reading",3,44,3520,1101.04852804548
"405","reading",3,45,4680,991.090308700474
"406","reading",3,46,5430,1884.9110721729
"407","reading",3,47,6610,3304.78834420603
"408","reading",3,48,4840,1337.58298807962
"409","reading",3,49,4300,1409.78562200074
"410","reading",3,50,4530,1500.12203207309
"411","reading",3,51,5690,1252.43696891744
"412","reading",3,52,5030,1620.82500426309
"413","reading",3,53,4330,1356.9797140873
"414","reading",3,54,3850,1201.61111753253
"415","reading",3,55,4240,1769.21541776134
"416","reading",3,56,3590,885.658480704862
"417","reading",3,57,4300,1059.55762519606
"418","reading",3,58,4180,1093.78266935337
"419","reading",3,59,3050,1045.26204848354
"420","reading",3,60,3730,1214.43011326301
"421","reading",3,61,5080,1636.13026681863
"422","reading",3,62,3890,1744.12549720483
"423","reading",3,63,4470,1598.11848573391
"424","reading",3,64,4210,944.417295361419
"425","reading",3,65,5230,1831.56086288292
"426","reading",3,66,4710,2551.05949122669
"427","reading",3,67,4050,1476.90708163302
"428","reading",3,68,4430,1116.4513100793
"429","reading",3,69,4470,1252.80894393359
"430","reading",3,70,5240,2619.11141632255
"431","reading",3,71,4000,1009.53132690373
"432","reading",3,72,4320,1441.52896259492
"433","reading",3,73,3760,1115.93665192569
"434","reading",3,74,4960,1236.15756591859
"435","reading",3,75,5030,1013.96277051971
"436","reading",3,76,3100,751.342206395402
"437","reading",3,77,3020,1249.10162161095
"438","reading",3,78,5410,1486.63516409074
"439","reading",3,79,4300,1820.92873129193
"440","reading",3,80,5000,1850.16477494423
"441","reading",3,81,4910,1453.03771840621
"442","reading",3,82,4710,1951.26662566766
"443","reading",3,83,3850,919.642019725308
"444","reading",3,84,4990,2261.2459016608
"445","reading",3,85,5460,1818.5090122894
"446","reading",3,86,5280,1633.72419642974
"447","reading",3,87,4560,1470.86695901129
"448","reading",3,88,4960,1991.33942220919
"449","reading",3,89,4210,1226.98924653442
"450","reading",3,90,4040,1102.7353616248
"451","reading",3,91,4690,2484.60740247719
"452","reading",3,92,4180,1648.59349985913
"453","reading",3,93,3570,1319.01725833204
"454","reading",3,94,3750,1810.11517435893
"455","reading",3,95,3360,1140.55074415828
"456","reading",3,96,3680,1860.97405797191
"457","reading",3,97,3230,1426.35719969127
"458","reading",3,98,3900,1678.69101617236
"459","reading",3,99,4120,1930.41518274639
"460","reading",3,100,3660,983.174125529711
"461","reading",3,101,3540,1667.25238874556
"462","reading",3,102,4160,2002.36450505674
"463","reading",3,103,4600,2016.82339611358
"464","reading",3,104,3990,2016.5524416687
"465","reading",3,105,3530,1424.90271597748
"466","reading",3,106,4980,2522.82782805327
"467","reading",3,107,3020,1223.68694934611
"468","reading",3,108,3610,1443.08715183033
"469","reading",3,109,3430,884.832014816623
"470","reading",3,110,3780,1069.24776257787
"471","reading",3,111,3920,2065.30325322403
"472","reading",3,112,4150,1482.37267581401
"473","reading",3,113,3280,1146.38878658159
"474","reading",3,114,5580,2944.72069982876
"475","reading",3,115,3460,1790.91892924027
"476","reading",3,116,3540,1423.93715724318
"477","reading",3,117,3700,2153.91071335632
"478","reading",3,118,4070,2319.51583190209
"479","reading",3,119,4800,1859.9918010572
"480","reading",3,120,4780,2207.47814258715
"481","reading",3,121,5390,3146.63804718623
"482","reading",3,122,5620,2215.72600968622
"483","reading",3,123,4590,1131.46454994303
"484","reading",3,124,4950,1388.03089943192
"485","reading",3,125,4660,1240.19292853975
"486","reading",3,126,4670,2098.79170264967
"487","reading",3,127,5410,2276.63347950433
"488","reading",3,128,5620,2525.51766970655
"489","reading",3,129,5070,1454.13917834573
"490","reading",3,130,6260,2964.05848364104
"491","reading",3,131,4560,1284.51605673109
"492","reading",3,132,4120,1135.5623545676
"493","reading",3,133,4780,1990.02282929395
"494","reading",3,134,4750,1051.88568770566
"495","reading",3,135,5190,1823.94534213915
"496","reading",3,136,5190,1309.57163267654
"497","reading",3,137,5760,2473.34851185819
"498","reading",3,138,5080,2434.43022081143
"499","reading",3,139,3720,858.36071153747
"500","reading",3,140,4650,1626.18165583608
"501","reading",3,141,6740,3587.01199158544
"502","reading",3,142,4970,1277.69060330652
"503","reading",3,143,5320,1494.48428488819
"504","reading",3,144,5520,1893.71934151934
"505","reading",3,145,4380,1104.51117895857
"506","reading",3,146,4720,1080.63690067992
"507","reading",3,147,5270,1315.84653782693
"508","reading",3,148,5550,2200.94196374593
"509","reading",3,149,5410,1684.16032490972
"510","reading",3,150,5740,2809.28692019879
"511","reading",3,151,4830,2455.73161761984
"512","reading",3,152,5280,1529.42846986855
"513","reading",3,153,4170,1198.31859054445
"514","reading",3,154,4340,1578.84056439457
"515","reading",3,155,6480,2926.75966063343
"516","reading",3,156,5830,3736.19833520652
"517","reading",3,157,4840,1256.31534655914
"518","reading",3,158,4590,1364.6829709171
"519","reading",3,159,4910,2542.71726920456
"520","reading",3,160,4680,1827.78158645331
"521","reading",3,161,5580,2791.76465002176
"522","reading",3,162,6190,5968.7555049422
"523","reading",3,163,4950,3023.89322728168
"524","reading",3,164,5450,1690.04623539647
"525","reading",3,165,4870,1654.55611704301
"526","reading",3,166,5340,2155.4445081648
"527","reading",3,167,4680,1641.52627149248
"528","reading",3,168,4380,1331.4867629834
"529","reading",3,169,4580,1369.03683701758
"530","reading",3,170,5090,1332.03839200594
"531","reading",3,171,4350,1932.08423729402
"532","reading",3,172,3910,1494.46373696758
"533","reading",3,173,5040,2345.16137208319
"534","reading",3,174,5030,1913.55122162376
"535","reading",3,175,3490,1091.25226231152
"536","reading",3,176,4800,1643.11222312348
"537","reading",3,177,4860,786.227066438189
"538","reading",3,178,4680,2182.38298655392
"539","reading",3,179,4100,2795.30051057922
"540","reading",3,180,4790,2708.17099000619
"541","zString",1,1,3420,1161.55789782516
"542","zString",1,2,3700,1378.71411507648
"543","zString",1,3,3800,1039.466690183
"544","zString",1,4,4030,1636.92382568985
"545","zString",1,5,3040,873.881014656903
"546","zString",1,6,3910,2043.32584283565
"547","zString",1,7,3950,1007.89756423954
"548","zString",1,8,4390,1335.11684881886
"549","zString",1,9,3510,2172.05897582097
"550","zString",1,10,3210,1199.41782174149
"551","zString",1,11,4270,1771.50696991134
"552","zString",1,12,3210,564.771069647792
"553","zString",1,13,3830,2005.27517507642
"554","zString",1,14,3250,1070.70589384345
"555","zString",1,15,5260,4597.68952240628
"556","zString",1,16,4790,2357.31042598221
"557","zString",1,17,4450,3319.34888193453
"558","zString",1,18,3790,2048.16156046777
"559","zString",1,19,4210,1687.41644237574
"560","zString",1,20,4270,1671.14559841778
"561","zString",1,21,4760,2188.29631854961
"562","zString",1,22,4180,1231.96580715538
"563","zString",1,23,3430,1145.69903455392
"564","zString",1,24,5020,3088.54743816212
"565","zString",1,25,3040,1203.70588646526
"566","zString",1,26,4230,1492.02268563331
"567","zString",1,27,4150,1980.18723862164
"568","zString",1,28,4100,1080.51362529329
"569","zString",1,29,3970,1622.46571612469
"570","zString",1,30,4280,1654.52151525583
"571","zString",1,31,4640,1390.94338490105
"572","zString",1,32,4390,1871.66742356767
"573","zString",1,33,3890,1651.48852890691
"574","zString",1,34,4340,1657.34584501847
"575","zString",1,35,4120,1716.11310654177
"576","zString",1,36,5160,3480.97234978964
"577","zString",1,37,3170,1030.86376942403
"578","zString",1,38,4030,1502.59841607796
"579","zString",1,39,5370,3863.89767592259
"580","zString",1,40,4580,1395.74103177408
"581","zString",1,41,4060,2405.67574244281
"582","zString",1,42,4100,1773.29432131274
"583","zString",1,43,4480,1369.82588106826
"584","zString",1,44,3960,1625.6792426552
"585","zString",1,45,3840,2043.92679663436
"586","zString",1,46,5010,2905.89167803007
"587","zString",1,47,4970,1619.02277624498
"588","zString",1,48,4950,2138.22567278989
"589","zString",1,49,3560,1922.77107610633
"590","zString",1,50,4120,1957.49904924058
"591","zString",1,51,4810,1943.92721771618
"592","zString",1,52,4960,2405.84293959518
"593","zString",1,53,3700,917.696951310423
"594","zString",1,54,3830,1285.66183777505
"595","zString",1,55,4060,2061.95023649403
"596","zString",1,56,4730,2323.28227466612
"597","zString",1,57,3680,1344.48159154374
"598","zString",1,58,4750,2088.44324664197
"599","zString",1,59,4330,2061.27715264105
"600","zString",1,60,4380,2472.91744594203
"601","zString",1,61,4120,1568.52755616356
"602","zString",1,62,4200,1873.19765226322
"603","zString",1,63,4990,1614.86601611403
"604","zString",1,64,5620,2448.69149297697
"605","zString",1,65,5170,1968.37039197403
"606","zString",1,66,4800,2204.14864516892
"607","zString",1,67,4200,1705.50584708597
"608","zString",1,68,6010,2254.56786941041
"609","zString",1,69,4750,1758.96681321735
"610","zString",1,70,4070,1536.34984984251
"611","zString",1,71,5830,2580.13940730169
"612","zString",1,72,5440,2045.15097242233
"613","zString",1,73,3800,1691.04894304623
"614","zString",1,74,5130,1995.36438471217
"615","zString",1,75,5460,2150.32141654322
"616","zString",1,76,4820,1502.06622505283
"617","zString",1,77,4010,1500.17790611647
"618","zString",1,78,5670,3062.73643985244
"619","zString",1,79,4300,1810.63762556485
"620","zString",1,80,5830,2388.35879842205
"621","zString",1,81,4240,1516.95748127626
"622","zString",1,82,4580,1227.14799207123
"623","zString",1,83,4780,1687.36639800344
"624","zString",1,84,4640,1284.13161319235
"625","zString",1,85,4540,1769.29280442152
"626","zString",1,86,4790,1913.93160652215
"627","zString",1,87,5020,2285.71448226686
"628","zString",1,88,4900,1291.89086226353
"629","zString",1,89,4420,1668.30201435805
"630","zString",1,90,4410,1507.54635086288
"631","zString",1,91,3900,1160.67567725777
"632","zString",1,92,4140,919.689500743473
"633","zString",1,93,3140,1008.21128737978
"634","zString",1,94,3270,1049.15403751997
"635","zString",1,95,5140,1652.99776500487
"636","zString",1,96,3670,919.217299904894
"637","zString",1,97,3130,1033.7817709749
"638","zString",1,98,3540,1153.58106684263
"639","zString",1,99,3650,1168.16877110192
"640","zString",1,100,4110,1166.81890673365
"641","zString",1,101,3240,715.614382502507
"642","zString",1,102,3480,1553.77420424519
"643","zString",1,103,4070,1222.77256675148
"644","zString",1,104,4150,1076.79757976036
"645","zString",1,105,2920,643.678879566512
"646","zString",1,106,3840,948.703984391338
"647","zString",1,107,3510,768.769868758597
"648","zString",1,108,4300,1579.45843390842
"649","zString",1,109,2700,960.230571269213
"650","zString",1,110,3300,749.473481852427
"651","zString",1,111,3650,1386.86300693327
"652","zString",1,112,3900,1496.26409767795
"653","zString",1,113,3160,1216.1627152647
"654","zString",1,114,3610,1149.79278326333
"655","zString",1,115,3100,660.751171857539
"656","zString",1,116,4050,855.178360213691
"657","zString",1,117,2950,990.216011787327
"658","zString",1,118,3450,866.524235090975
"659","zString",1,119,4370,1523.04421946457
"660","zString",1,120,4180,1005.85843658263
"661","zString",1,121,3510,1108.16422268743
"662","zString",1,122,4840,1596.15839161128
"663","zString",1,123,4420,1739.60951078108
"664","zString",1,124,5030,1451.42735302567
"665","zString",1,125,4350,1853.68642469839
"666","zString",1,126,5190,2601.37601942596
"667","zString",1,127,4790,1690.58192643835
"668","zString",1,128,4340,836.375663204041
"669","zString",1,129,5070,2358.54743433326
"670","zString",1,130,4350,1866.48982049193
"671","zString",1,131,4880,1535.19682053402
"672","zString",1,132,4450,1256.12702825435
"673","zString",1,133,5380,2925.63946476284
"674","zString",1,134,4640,2336.1624574883
"675","zString",1,135,4880,1877.62224043543
"676","zString",1,136,4450,1045.105377462
"677","zString",1,137,4640,1714.57004652608
"678","zString",1,138,3660,1206.12735415645
"679","zString",1,139,3640,1665.97339748002
"680","zString",1,140,4260,1416.08578286926
"681","zString",1,141,4030,1675.23297716401
"682","zString",1,142,4720,2175.82603726595
"683","zString",1,143,5400,1631.97220496483
"684","zString",1,144,4950,1757.13868579322
"685","zString",1,145,4350,1891.25844347091
"686","zString",1,146,5070,1849.21010163799
"687","zString",1,147,4950,1555.59980393416
"688","zString",1,148,5310,1435.13814666045
"689","zString",1,149,4780,2091.60494596853
"690","zString",1,150,4750,2547.05580578396
"691","zString",1,151,4960,2408.49993656725
"692","zString",1,152,5880,2527.28827006339
"693","zString",1,153,5570,3331.96792868386
"694","zString",1,154,5380,3134.45221600911
"695","zString",1,155,5100,2519.17769321658
"696","zString",1,156,5440,1799.555554698
"697","zString",1,157,5840,2877.89632853197
"698","zString",1,158,4380,1845.72389442312
"699","zString",1,159,5050,1819.20438959209
"700","zString",1,160,5940,3932.37620416856
"701","zString",1,161,5100,2995.83497450117
"702","zString",1,162,4960,2970.34642106121
"703","zString",1,163,5770,4424.60568864616
"704","zString",1,164,6450,4263.77497386738
"705","zString",1,165,5220,2427.89569952619
"706","zString",1,166,4770,2855.68034800816
"707","zString",1,167,5890,3284.80934674213
"708","zString",1,168,5440,2663.51962218749
"709","zString",1,169,4830,2682.80030937824
"710","zString",1,170,5440,2558.90808961774
"711","zString",1,171,5750,2968.36503819864
"712","zString",1,172,5520,2148.53706688476
"713","zString",1,173,5030,3426.73910023963
"714","zString",1,174,5830,3527.45071231021
"715","zString",1,175,5300,2754.2177251949
"716","zString",1,176,5630,3163.4675990122
"717","zString",1,177,6010,2702.34414187222
"718","zString",1,178,4820,2420.54457256581
"719","zString",1,179,5760,2969.5367904776
"720","zString",1,180,5410,2776.78596182309
"721","zString",2,1,4720,1352.23352273193
"722","zString",2,2,4300,1475.89216897592
"723","zString",2,3,3520,1171.41094886086
"724","zString",2,4,5120,2918.80114278296
"725","zString",2,5,4210,1301.88057354651
"726","zString",2,6,5090,3274.48987545304
"727","zString",2,7,4550,1029.17298243676
"728","zString",2,8,4830,1275.13979625765
"729","zString",2,9,3350,870.152636674228
"730","zString",2,10,3230,948.531423365147
"731","zString",2,11,5090,1200.48775966734
"732","zString",2,12,3700,1312.1996799268
"733","zString",2,13,4030,1540.53938966555
"734","zString",2,14,3320,858.38041942046
"735","zString",2,15,4320,727.401730667296
"736","zString",2,16,4390,1201.81997403937
"737","zString",2,17,4120,1018.4366014196
"738","zString",2,18,3950,1502.91739441808
"739","zString",2,19,4210,1093.91846639094
"740","zString",2,20,4720,1659.8743175313
"741","zString",2,21,4180,2192.55302102367
"742","zString",2,22,4310,1056.85098287318
"743","zString",2,23,4550,1302.09753858918
"744","zString",2,24,4380,974.975954119439
"745","zString",2,25,3010,1022.77257980452
"746","zString",2,26,4190,874.394806582117
"747","zString",2,27,4540,1448.10868031374
"748","zString",2,28,5050,1597.27962312315
"749","zString",2,29,3750,864.100254600124
"750","zString",2,30,5050,1983.91098030576
"751","zString",2,31,6000,1731.43486578169
"752","zString",2,32,4910,3121.89235258218
"753","zString",2,33,3920,1441.62848697036
"754","zString",2,34,4100,1124.91193482473
"755","zString",2,35,3540,1409.10471971075
"756","zString",2,36,4390,1726.46470022156
"757","zString",2,37,3400,1371.97266736623
"758","zString",2,38,4320,2216.31692103012
"759","zString",2,39,4490,1996.27760538903
"760","zString",2,40,3920,925.634377062564
"761","zString",2,41,4080,1371.44194189911
"762","zString",2,42,3840,1554.7630669798
"763","zString",2,43,3940,664.379221529391
"764","zString",2,44,3510,930.964523730332
"765","zString",2,45,4080,2183.2352586115
"766","zString",2,46,3610,1215.43062784805
"767","zString",2,47,4620,1924.13923035153
"768","zString",2,48,4240,757.411124232481
"769","zString",2,49,3700,1779.37899591715
"770","zString",2,50,4220,2325.36354385956
"771","zString",2,51,4830,1766.14835163981
"772","zString",2,52,3910,705.215175988467
"773","zString",2,53,3720,1070.77041319686
"774","zString",2,54,4400,2214.46943106269
"775","zString",2,55,3500,790.448290528862
"776","zString",2,56,3640,442.055740577789
"777","zString",2,57,4270,2199.27510784804
"778","zString",2,58,3750,968.074248185541
"779","zString",2,59,4310,1956.10074155477
"780","zString",2,60,4150,1364.36065613165
"781","zString",2,61,5380,3334.07187651643
"782","zString",2,62,5150,3119.36592559734
"783","zString",2,63,5150,3066.94778149946
"784","zString",2,64,4970,3148.38002435821
"785","zString",2,65,4230,2190.80105846646
"786","zString",2,66,3930,2417.72085053488
"787","zString",2,67,3930,2450.54361316015
"788","zString",2,68,5310,2759.39166504342
"789","zString",2,69,4620,3593.80981689349
"790","zString",2,70,4740,2744.676164869
"791","zString",2,71,4510,1829.42798437107
"792","zString",2,72,4900,4163.76729790596
"793","zString",2,73,3540,1333.76882471355
"794","zString",2,74,4620,1760.68732633342
"795","zString",2,75,4460,2720.17457058264
"796","zString",2,76,4780,2311.06934123578
"797","zString",2,77,3080,1171.46814344698
"798","zString",2,78,4920,1999.53278570548
"799","zString",2,79,4960,3102.6997294471
"800","zString",2,80,4880,1605.23378359664
"801","zString",2,81,3660,2220.68344084528
"802","zString",2,82,4480,1744.8051467141
"803","zString",2,83,4660,3118.34863260099
"804","zString",2,84,4460,2224.5182312382
"805","zString",2,85,4460,2689.10585098054
"806","zString",2,86,3810,2034.47020130549
"807","zString",2,87,4250,2494.14735486454
"808","zString",2,88,4940,3205.83152673028
"809","zString",2,89,3960,1832.76597281571
"810","zString",2,90,3880,2207.73294354186
"811","zString",2,91,4760,1872.82013284779
"812","zString",2,92,4710,1255.55221361404
"813","zString",2,93,4020,2014.64153138964
"814","zString",2,94,3670,1389.18850212793
"815","zString",2,95,4880,1677.95679324588
"816","zString",2,96,4150,951.429188116488
"817","zString",2,97,3070,893.469237174833
"818","zString",2,98,4300,1533.71915435794
"819","zString",2,99,5600,3557.81618412194
"820","zString",2,100,4230,769.373608853332
"821","zString",2,101,4200,1833.80200070176
"822","zString",2,102,3660,941.662684357361
"823","zString",2,103,4630,1721.09788926849
"824","zString",2,104,4510,925.779011307654
"825","zString",2,105,3810,1399.35869240163
"826","zString",2,106,4550,1877.23596308805
"827","zString",2,107,4530,1802.96839344947
"828","zString",2,108,4270,1114.13577618609
"829","zString",2,109,3170,1404.07798928692
"830","zString",2,110,3700,1107.11330093677
"831","zString",2,111,4280,1602.55697593287
"832","zString",2,112,4420,1145.46109105072
"833","zString",2,113,3130,948.17220365173
"834","zString",2,114,3840,1536.93882260955
"835","zString",2,115,3900,1579.86937751195
"836","zString",2,116,4220,910.869471683207
"837","zString",2,117,3390,1378.62613778275
"838","zString",2,118,4000,1648.92464958227
"839","zString",2,119,4820,1880.76235281807
"840","zString",2,120,4680,1470.49612754033
"841","zString",2,121,3040,420.962719383927
"842","zString",2,122,3530,928.04067798777
"843","zString",2,123,3740,1147.74842384751
"844","zString",2,124,4070,1082.68497264902
"845","zString",2,125,3680,1347.76435254832
"846","zString",2,126,3580,1076.03308241171
"847","zString",2,127,4200,1778.38956487167
"848","zString",2,128,4590,1433.170475244
"849","zString",2,129,3770,1052.35000250762
"850","zString",2,130,3660,1295.37450612211
"851","zString",2,131,3620,901.214427561191
"852","zString",2,132,3740,979.021081375564
"853","zString",2,133,3950,1846.13258672766
"854","zString",2,134,3830,1658.49969852273
"855","zString",2,135,4620,1224.24569747162
"856","zString",2,136,4530,1292.74369076008
"857","zString",2,137,3620,1325.27110434054
"858","zString",2,138,3260,993.833542959338
"859","zString",2,139,3810,1267.78985289799
"860","zString",2,140,4180,1160.91965460339
"861","zString",2,141,3370,937.513214721679
"862","zString",2,142,3440,1085.34972602281
"863","zString",2,143,4360,1703.42638362931
"864","zString",2,144,4140,1287.08136667596
"865","zString",2,145,3110,812.073802748932
"866","zString",2,146,4190,1314.3759926292
"867","zString",2,147,4020,1389.19221132282
"868","zString",2,148,4750,1727.38704406395
"869","zString",2,149,3710,1430.7386592635
"870","zString",2,150,3860,1590.33485293018
"871","zString",2,151,5590,2440.36390728924
"872","zString",2,152,6040,3530.90693023761
"873","zString",2,153,4680,2732.69962674276
"874","zString",2,154,5080,4146.82202951181
"875","zString",2,155,4260,1811.52270970523
"876","zString",2,156,5370,2442.91776252178
"877","zString",2,157,5040,3652.72752352418
"878","zString",2,158,5160,3585.50172376351
"879","zString",2,159,4830,2268.87232146525
"880","zString",2,160,5420,2652.09068472403
"881","zString",2,161,4810,2668.54119531835
"882","zString",2,162,4340,2256.53578522478
"883","zString",2,163,4970,2592.79347422813
"884","zString",2,164,4880,2183.54293523164
"885","zString",2,165,4420,2161.21392071935
"886","zString",2,166,5290,3461.33215363359
"887","zString",2,167,5180,2757.38195576891
"888","zString",2,168,4510,1636.24203588589
"889","zString",2,169,4170,1716.53748704898
"890","zString",2,170,4560,2488.37472057566
"891","zString",2,171,4690,2330.05773056759
"892","zString",2,172,5550,2677.58235686183
"893","zString",2,173,4320,2535.56887108199
"894","zString",2,174,4630,2095.5099684272
"895","zString",2,175,5100,2690.89924560545
"896","zString",2,176,4730,2252.22777365977
"897","zString",2,177,4770,3103.24910823765
"898","zString",2,178,4500,2388.89821768204
"899","zString",2,179,4950,1958.73071145576
"900","zString",2,180,5470,2783.82155398733
"901","zString",3,1,3760,2362.03798539406
"902","zString",3,2,4670,3264.46223663936
"903","zString",3,3,4160,1930.06041212301
"904","zString",3,4,5190,3574.45770168163
"905","zString",3,5,3610,2003.76323728905
"906","zString",3,6,3680,2058.99699152551
"907","zString",3,7,4300,2144.99829707262
"908","zString",3,8,4600,2184.14502723606
"909","zString",3,9,3320,1688.46094450275
"910","zString",3,10,3830,2329.36384973332
"911","zString",3,11,5470,3765.66113422036
"912","zString",3,12,3830,2374.73956466809
"913","zString",3,13,3960,3236.38871961395
"914","zString",3,14,3600,1896.03545442706
"915","zString",3,15,4900,2072.36192409638
"916","zString",3,16,5420,3819.38869454262
"917","zString",3,17,4410,2983.39024619829
"918","zString",3,18,3560,1792.99087498453
"919","zString",3,19,4890,3545.59754406002
"920","zString",3,20,4600,2491.98926562696
"921","zString",3,21,4430,2750.28762637252
"922","zString",3,22,4140,2726.28069802881
"923","zString",3,23,4990,3474.99689847983
"924","zString",3,24,4850,3424.30075992814
"925","zString",3,25,3530,2015.71513364364
"926","zString",3,26,4100,2062.54198610463
"927","zString",3,27,3900,2294.79565781163
"928","zString",3,28,5020,4196.09909452948
"929","zString",3,29,4340,2856.09125379425
"930","zString",3,30,4630,2052.34451298996
"931","zString",3,31,5150,1656.14256464969
"932","zString",3,32,5200,2304.33154322704
"933","zString",3,33,4200,1431.57277534574
"934","zString",3,34,4880,2596.2497044348
"935","zString",3,35,4170,1052.45451208116
"936","zString",3,36,4780,1909.75705261167
"937","zString",3,37,3300,1099.20903380567
"938","zString",3,38,4730,1337.77929586477
"939","zString",3,39,4040,891.044112887298
"940","zString",3,40,5290,2534.14581817578
"941","zString",3,41,4320,1853.07931412674
"942","zString",3,42,4480,1803.72631269578
"943","zString",3,43,4660,1591.57786837814
"944","zString",3,44,4880,2655.00337936592
"945","zString",3,45,4060,1422.42707292071
"946","zString",3,46,3890,832.969703997557
"947","zString",3,47,4640,1670.84355774095
"948","zString",3,48,5080,1871.57968037698
"949","zString",3,49,3450,1014.02083311932
"950","zString",3,50,4390,1193.26956300745
"951","zString",3,51,4860,1188.81920875763
"952","zString",3,52,4870,1945.39536113128
"953","zString",3,53,4050,1039.62727028061
"954","zString",3,54,3640,1259.06434616257
"955","zString",3,55,3970,1228.46941806099
"956","zString",3,56,5610,4337.72556890257
"957","zString",3,57,5500,2886.18584813937
"958","zString",3,58,4150,1182.52284450567
"959","zString",3,59,4630,1963.70855214764
"960","zString",3,60,4880,1959.27336303822
"961","zString",3,61,3700,825.895742680502
"962","zString",3,62,3810,1566.94454096003
"963","zString",3,63,5000,3486.90407493206
"964","zString",3,64,4720,1778.2369077263
"965","zString",3,65,4140,1788.15225861782
"966","zString",3,66,3430,894.067639747936
"967","zString",3,67,3610,1346.90645554916
"968","zString",3,68,4640,1639.34512670287
"969","zString",3,69,3390,1037.47108393439
"970","zString",3,70,4430,1945.19228555374
"971","zString",3,71,4710,2121.2927924054
"972","zString",3,72,4060,1039.80396122432
"973","zString",3,73,3510,1364.98126767773
"974","zString",3,74,4370,1524.88322868051
"975","zString",3,75,3790,671.048578304466
"976","zString",3,76,3890,643.242372671453
"977","zString",3,77,3540,1654.32124382714
"978","zString",3,78,3940,1093.33600101301
"979","zString",3,79,4010,1226.20608427422
"980","zString",3,80,4170,786.77931749916
"981","zString",3,81,3500,1043.54935197143
"982","zString",3,82,4650,1986.35462454327
"983","zString",3,83,4560,2297.86781604165
"984","zString",3,84,3830,889.508025696102
"985","zString",3,85,4410,1676.10700566654
"986","zString",3,86,4140,2531.74795239266
"987","zString",3,87,4640,2329.16564698845
"988","zString",3,88,3770,1144.277938265
"989","zString",3,89,3720,963.502075763202
"990","zString",3,90,3290,602.867315418575
"991","zString",3,91,5330,2774.25755833881
"992","zString",3,92,4370,1971.79081040561
"993","zString",3,93,4150,1915.53863907199
"994","zString",3,94,4230,2403.1051787219
"995","zString",3,95,4680,1800.10534413961
"996","zString",3,96,4100,1314.63034517101
"997","zString",3,97,3720,2398.62434532796
"998","zString",3,98,4480,2108.73955902045
"999","zString",3,99,5650,3825.8238328496
"1000","zString",3,100,5900,3858.66129635655
"1001","zString",3,101,4140,2898.45217314345
"1002","zString",3,102,4830,2763.98918131827
"1003","zString",3,103,5170,2815.96291010928
"1004","zString",3,104,3880,1747.49752821316
"1005","zString",3,105,4650,2929.73021131829
"1006","zString",3,106,4720,2015.25724164435
"1007","zString",3,107,4340,1424.82110962901
"1008","zString",3,108,4130,1323.76528424709
"1009","zString",3,109,3590,1980.39169806828
"1010","zString",3,110,3850,1893.50475309675
"1011","zString",3,111,4010,1763.90382233399
"1012","zString",3,112,5300,3094.61839327566
"1013","zString",3,113,4350,2330.89877753435
"1014","zString",3,114,4540,3469.96743500569
"1015","zString",3,115,3490,1216.33723850657
"1016","zString",3,116,4430,1762.66871532912
"1017","zString",3,117,3430,1238.84937654978
"1018","zString",3,118,4170,1831.09885800242
"1019","zString",3,119,5760,3375.56176806173
"1020","zString",3,120,5320,2961.92992170833
"1021","zString",3,121,3780,1068.83897290471
"1022","zString",3,122,4380,1664.40522409658
"1023","zString",3,123,4580,1547.37227080119
"1024","zString",3,124,5170,1233.26497558311
"1025","zString",3,125,4420,1108.54571899905
"1026","zString",3,126,4050,1472.59791223236
"1027","zString",3,127,4510,1759.17640136261
"1028","zString",3,128,4740,1144.43367848226
"1029","zString",3,129,4490,2028.00900584238
"1030","zString",3,130,4630,1261.26157080916
"1031","zString",3,131,4210,1526.54245309821
"1032","zString",3,132,4430,1301.59649832214
"1033","zString",3,133,4210,1731.17809918885
"1034","zString",3,134,4330,1735.62722412133
"1035","zString",3,135,5250,1949.28532487622
"1036","zString",3,136,4410,900.338933093779
"1037","zString",3,137,4380,1965.00700451112
"1038","zString",3,138,3920,1257.87598752818
"1039","zString",3,139,4860,2119.57673316579
"1040","zString",3,140,4940,1011.16254600556
"1041","zString",3,141,5080,2611.74424475292
"1042","zString",3,142,4470,2343.86398093215
"1043","zString",3,143,5900,3331.78852536859
"1044","zString",3,144,4550,1206.42907421494
"1045","zString",3,145,3770,1326.96514649029
"1046","zString",3,146,4970,1843.2360206381
"1047","zString",3,147,4800,2390.91829174018
"1048","zString",3,148,5100,990.360933083377
"1049","zString",3,149,5010,2539.00088617551
"1050","zString",3,150,4710,1791.77426033527
"1051","zString",3,151,3980,1467.04175128045
"1052","zString",3,152,4060,892.405332669958
"1053","zString",3,153,3560,1221.41587921559
"1054","zString",3,154,3520,936.595489585078
"1055","zString",3,155,3660,1024.52022646917
"1056","zString",3,156,4830,1976.8566659669
"1057","zString",3,157,3840,832.294435748418
"1058","zString",3,158,4250,1155.37915854493
"1059","zString",3,159,3540,1050.53237826246
"1060","zString",3,160,4580,1752.1208656305
"1061","zString",3,161,3210,896.632031549175
"1062","zString",3,162,3540,1225.2025342775
"1063","zString",3,163,3920,1207.46101846441
"1064","zString",3,164,4210,1249.26438354737
"1065","zString",3,165,3900,1130.76732796805
"1066","zString",3,166,4130,2057.39155242749
"1067","zString",3,167,4290,1105.53618213064
"1068","zString",3,168,3980,1106.68163895494
"1069","zString",3,169,3570,1080.40159714391
"1070","zString",3,170,3640,880.299238895502
"1071","zString",3,171,3700,961.142419207476
"1072","zString",3,172,4830,1288.26554371027
"1073","zString",3,173,3320,1050.23129727588
"1074","zString",3,174,3920,1391.10549564007
"1075","zString",3,175,3920,861.823035457074
"1076","zString",3,176,4130,1634.00717392686
"1077","zString",3,177,4330,1954.64176882733
"1078","zString",3,178,3610,878.14022228799
"1079","zString",3,179,3940,1650.52694447696
"1080","zString",3,180,4190,886.561052607208
