"","sub","item","cond","seq","dependnum","start","end","duration_ms","correctresp","subresp","accuracy","task"
"1",1,8,1,1,1,1182158,1185112,2954,4,4,1,"reading"
"2",1,2,1,2,1,1190894,1197130,6236,2,2,1,"reading"
"3",1,12,1,3,1,1211042,1213829,2787,4,4,1,"reading"
"4",1,6,1,4,1,1261988,1264916,2928,2,2,1,"reading"
"5",1,4,1,5,1,1322756,1325401,2645,4,4,1,"reading"
"6",1,5,1,6,1,1330274,1332802,2528,1,1,1,"reading"
"7",1,10,1,7,1,1338140,1340469,2329,2,2,1,"reading"
"8",1,7,1,8,1,1349947,1352936,2989,3,3,1,"reading"
"9",1,3,1,9,1,1380878,1383454,2576,3,3,1,"reading"
"10",1,1,1,10,1,1393457,1396004,2547,1,1,1,"reading"
"11",1,9,1,11,1,1411715,1413863,2148,1,1,1,"reading"
"12",1,11,1,12,1,1419342,1422272,2930,3,3,1,"reading"
"13",1,31,2,13,1,1428661,1430956,2295,1,1,1,"reading"
"14",1,32,2,14,1,1436904,1439505,2601,2,2,1,"reading"
"15",1,33,2,15,1,1445908,1448273,2365,3,3,1,"reading"
"16",1,69,3,16,1,1473879,1477274,3395,1,1,1,"reading"
"17",1,42,2,17,1,1509667,1513090,3423,4,4,1,"reading"
"18",1,71,3,18,1,1602649,1606445,3796,3,3,1,"reading"
"19",1,34,2,19,1,1612100,1614274,2174,4,4,1,"reading"
"20",1,67,3,20,1,1623399,1625929,2530,3,3,1,"reading"
"21",1,68,3,21,1,1665157,1667415,2258,4,4,1,"reading"
"22",1,72,3,22,1,1713494,1715432,1938,4,4,1,"reading"
"23",1,64,3,23,1,1720858,1723600,2742,4,4,1,"reading"
"24",1,63,3,24,1,1740008,1742327,2319,3,3,1,"reading"
"25",1,41,2,25,1,1834164,1836170,2006,3,3,1,"reading"
"26",1,66,3,26,1,1870743,1873355,2612,2,2,1,"reading"
"27",1,36,2,27,1,1881750,1884122,2372,2,2,1,"reading"
"28",1,37,2,28,1,1899315,1901478,2163,3,3,1,"reading"
"29",1,39,2,29,1,1906196,1909274,3078,1,1,1,"reading"
"30",1,40,2,30,1,1924247,1926790,2543,2,2,1,"reading"
"31",1,38,2,31,1,1932171,1934439,2268,4,4,1,"reading"
"32",1,61,3,32,1,1969352,1971924,2572,1,1,1,"reading"
"33",1,35,2,33,1,1986399,1988574,2175,1,1,1,"reading"
"34",1,70,3,34,1,1999485,2002142,2657,2,2,1,"reading"
"35",1,62,3,35,1,2007116,2009410,2294,2,2,1,"reading"
"36",1,65,3,36,1,2014585,2016510,1925,1,1,1,"reading"
"37",1,92,1,37,1,2146374,2148564,2190,4,4,1,"zString"
"38",1,94,1,38,1,2165317,2167480,2163,2,2,1,"zString"
"39",1,102,1,39,1,2178094,2180849,2755,2,2,1,"zString"
"40",1,100,1,40,1,2191959,2193866,1907,4,4,1,"zString"
"41",1,97,1,41,1,2205908,2207966,2058,1,1,1,"zString"
"42",1,91,1,42,1,2221909,2223834,1925,3,3,1,"zString"
"43",1,98,1,43,1,2260592,2262501,1909,2,2,1,"zString"
"44",1,93,1,44,1,2272261,2273969,1708,1,1,1,"zString"
"45",1,99,1,45,1,2281729,2283469,1740,3,3,1,"zString"
"46",1,95,1,46,1,2305844,2307786,1942,3,3,1,"zString"
"47",1,101,1,47,1,2334887,2336920,2033,1,1,1,"zString"
"48",1,96,1,48,1,2370599,2372573,1974,4,4,1,"zString"
"49",1,121,2,49,1,2454204,2456210,2006,1,1,1,"zString"
"50",1,122,2,50,1,2461494,2463360,1866,2,2,1,"zString"
"51",1,123,2,51,1,2469804,2471560,1756,3,3,1,"zString"
"52",1,125,2,52,1,2479177,2481028,1851,1,1,1,"zString"
"53",1,128,2,53,1,2534329,2537546,3217,4,1,0,"zString"
"54",1,154,3,54,1,2545750,2547763,2013,2,2,1,"zString"
"55",1,126,2,55,1,2558462,2561297,2835,2,2,1,"zString"
"56",1,159,3,56,1,2579198,2581357,2159,3,3,1,"zString"
"57",1,153,3,57,1,2635516,2637982,2466,1,1,1,"zString"
"58",1,156,3,58,1,2655904,2659083,3179,4,4,1,"zString"
"59",1,157,3,59,1,2664480,2666451,1971,1,1,1,"zString"
"60",1,132,2,60,1,2672132,2673902,1770,4,4,1,"zString"
"61",1,152,3,61,1,2689034,2690884,1850,4,4,1,"zString"
"62",1,151,3,62,1,2742654,2744654,2000,3,3,1,"zString"
"63",1,131,2,63,1,2824531,2826256,1725,3,3,1,"zString"
"64",1,129,2,64,1,2837242,2839640,2398,1,1,1,"zString"
"65",1,158,3,65,1,2848961,2850873,1912,2,2,1,"zString"
"66",1,162,3,66,1,2898490,2901657,3167,2,2,1,"zString"
"67",1,124,2,67,1,2907526,2909891,2365,4,4,1,"zString"
"68",1,155,3,68,1,2916916,2918775,1859,3,3,1,"zString"
"69",1,161,3,69,1,2924660,2926542,1882,1,1,1,"zString"
"70",1,127,2,70,1,2961596,2963678,2082,3,3,1,"zString"
"71",1,130,2,71,1,2982895,2985011,2116,2,2,1,"zString"
"72",1,160,3,72,1,3052427,3054697,2270,4,4,1,"zString"
"73",2,69,1,1,1,4649544,4651985,2441,1,1,1,"zString"
"74",2,65,1,2,1,4671750,4673971,2221,1,1,1,"zString"
"75",2,63,1,3,1,4702598,4705254,2656,3,3,1,"zString"
"76",2,67,1,4,1,4714533,4716693,2160,3,3,1,"zString"
"77",2,64,1,5,1,4727604,4729888,2284,4,4,1,"zString"
"78",2,71,1,6,1,4738554,4740470,1916,3,3,1,"zString"
"79",2,70,1,7,1,4768622,4770888,2266,2,2,1,"zString"
"80",2,66,1,8,1,4809389,4812923,3534,2,2,1,"zString"
"81",2,62,1,9,1,4822972,4824807,1835,2,2,1,"zString"
"82",2,61,1,10,1,4843942,4848324,4382,1,1,1,"zString"
"83",2,68,1,11,1,4906226,4908959,2733,4,4,1,"zString"
"84",2,72,1,12,1,4948546,4950877,2331,4,4,1,"zString"
"85",2,1,2,13,1,4968217,4970630,2413,1,1,1,"zString"
"86",2,2,2,14,1,4978795,4980951,2156,2,2,1,"zString"
"87",2,3,2,15,1,4990647,4993182,2535,3,3,1,"zString"
"88",2,38,3,16,1,5002570,5004630,2060,2,2,1,"zString"
"89",2,10,2,17,1,5013835,5016096,2261,2,2,1,"zString"
"90",2,31,3,18,1,5060322,5062599,2277,3,3,1,"zString"
"91",2,12,2,19,1,5072252,5074366,2114,4,4,1,"zString"
"92",2,32,3,20,1,5183215,5185155,1940,4,4,1,"zString"
"93",2,37,3,21,1,5193397,5195637,2240,1,1,1,"zString"
"94",2,36,3,22,1,5233466,5236441,2975,4,4,1,"zString"
"95",2,41,3,23,1,5261770,5264441,2671,1,1,1,"zString"
"96",2,4,2,24,1,5274500,5278359,3859,4,4,1,"zString"
"97",2,35,3,25,1,5322247,5324327,2080,3,3,1,"zString"
"98",2,7,2,26,1,5392403,5394564,2161,3,3,1,"zString"
"99",2,40,3,27,1,5402638,5405046,2408,4,4,1,"zString"
"100",2,5,2,28,1,5412451,5414314,1863,1,1,1,"zString"
"101",2,39,3,29,1,5444521,5446597,2076,3,3,1,"zString"
"102",2,11,2,30,1,5454692,5457231,2539,3,3,1,"zString"
"103",2,42,3,31,1,5471256,5474448,3192,2,1,0,"zString"
"104",2,9,2,32,1,5497037,5499667,2630,1,1,1,"zString"
"105",2,34,3,33,1,5518241,5520445,2204,2,2,1,"zString"
"106",2,8,2,34,1,5565826,5568153,2327,4,4,1,"zString"
"107",2,6,2,35,1,5577476,5579736,2260,2,2,1,"zString"
"108",2,33,3,36,1,5588461,5591120,2659,1,1,1,"zString"
"109",2,158,1,37,1,5712900,5715806,2906,2,2,1,"reading"
"110",2,155,1,38,1,5726065,5729041,2976,3,3,1,"reading"
"111",2,151,1,39,1,5740032,5743008,2976,3,3,1,"reading"
"112",2,156,1,40,1,5750733,5753824,3091,4,4,1,"reading"
"113",2,160,1,41,1,5760129,5762608,2479,4,4,1,"reading"
"114",2,161,1,42,1,5770402,5773293,2891,1,1,1,"reading"
"115",2,152,1,43,1,5790685,5794942,4257,4,4,1,"reading"
"116",2,154,1,44,1,5819053,5821510,2457,2,2,1,"reading"
"117",2,162,1,45,1,5876653,5879595,2942,2,2,1,"reading"
"118",2,157,1,46,1,5938506,5942397,3891,1,1,1,"reading"
"119",2,159,1,47,1,5966692,5971066,4374,3,3,1,"reading"
"120",2,153,1,48,1,5996630,5999750,3120,1,1,1,"reading"
"121",2,91,2,49,1,6008330,6011433,3103,3,3,1,"reading"
"122",2,92,2,50,1,6019646,6022534,2888,4,4,1,"reading"
"123",2,93,2,51,1,6031300,6033700,2400,1,1,1,"reading"
"124",2,126,3,52,1,6042213,6044701,2488,2,2,1,"reading"
"125",2,128,3,53,1,6130433,6135507,5074,4,4,1,"reading"
"126",2,98,2,54,1,6206460,6209193,2733,2,2,1,"reading"
"127",2,99,2,55,1,6217159,6220009,2850,3,3,1,"reading"
"128",2,122,3,56,1,6258388,6262861,4473,2,2,1,"reading"
"129",2,123,3,57,1,6273810,6276495,2685,3,3,1,"reading"
"130",2,131,3,58,1,6305692,6308946,3254,3,3,1,"reading"
"131",2,130,3,59,1,6316908,6319696,2788,2,2,1,"reading"
"132",2,124,3,60,1,6358178,6361781,3603,4,4,1,"reading"
"133",2,96,2,61,1,6390708,6393716,3008,4,4,1,"reading"
"134",2,94,2,62,1,6400779,6403332,2553,2,2,1,"reading"
"135",2,102,2,63,1,6409679,6412349,2670,2,2,1,"reading"
"136",2,125,3,64,1,6440644,6443834,3190,1,1,1,"reading"
"137",2,95,2,65,1,6452277,6456184,3907,3,3,1,"reading"
"138",2,121,3,66,1,6470709,6474035,3326,1,3,0,"reading"
"139",2,132,3,67,1,6504718,6507202,2484,4,4,1,"reading"
"140",2,129,3,68,1,6520064,6523003,2939,1,1,1,"reading"
"141",2,97,2,69,1,6529483,6531677,2194,1,1,1,"reading"
"142",2,101,2,70,1,6539602,6542322,2720,1,1,1,"reading"
"143",2,127,3,71,1,6553534,6557137,3603,3,3,1,"reading"
"144",2,100,2,72,1,6589532,6592856,3324,4,4,1,"reading"
"145",3,61,2,1,1,1652809,1655998,3189,1,1,1,"reading"
"146",3,62,2,2,1,1662010,1665266,3256,2,2,1,"reading"
"147",3,63,2,3,1,1671241,1676449,5208,3,3,1,"reading"
"148",3,11,3,4,1,1682674,1686415,3741,3,3,1,"reading"
"149",3,68,2,5,1,1701141,1704618,3477,4,4,1,"reading"
"150",3,5,3,6,1,1709996,1713200,3204,1,1,1,"reading"
"151",3,65,2,7,1,1726378,1731200,4822,1,1,1,"reading"
"152",3,2,3,8,1,1786082,1790152,4070,2,2,1,"reading"
"153",3,71,2,9,1,1802703,1806220,3517,3,3,1,"reading"
"154",3,6,3,10,1,1812148,1815553,3405,2,2,1,"reading"
"155",3,4,3,11,1,1848568,1852587,4019,4,4,1,"reading"
"156",3,66,2,12,1,1857738,1861172,3434,2,2,1,"reading"
"157",3,9,3,13,1,1879208,1883923,4715,1,1,1,"reading"
"158",3,8,3,14,1,1896138,1901390,5252,4,4,1,"reading"
"159",3,12,3,15,1,1946828,1950442,3614,4,4,1,"reading"
"160",3,69,2,16,1,2034417,2038728,4311,1,1,1,"reading"
"161",3,3,3,17,1,2044034,2047513,3479,3,3,1,"reading"
"162",3,70,2,18,1,2064052,2068462,4410,2,2,1,"reading"
"163",3,10,3,19,1,2073873,2077814,3941,2,2,1,"reading"
"164",3,67,2,20,1,2089435,2094430,4995,3,3,1,"reading"
"165",3,64,2,21,1,2106134,2110382,4248,4,4,1,"reading"
"166",3,7,3,22,1,2116749,2121781,5032,3,3,1,"reading"
"167",3,72,2,23,1,2127239,2130715,3476,4,4,1,"reading"
"168",3,1,3,24,1,2136940,2139749,2809,1,1,1,"reading"
"169",3,42,1,25,1,2188473,2192234,3761,4,4,1,"reading"
"170",3,36,1,26,1,2197424,2201084,3660,2,2,1,"reading"
"171",3,37,1,27,1,2206438,2211318,4880,3,3,1,"reading"
"172",3,38,1,28,1,2217558,2220535,2977,4,4,1,"reading"
"173",3,39,1,29,1,2237342,2243052,5710,1,1,1,"reading"
"174",3,35,1,30,1,2248057,2251752,3695,1,1,1,"reading"
"175",3,41,1,31,1,2284497,2288005,3508,3,3,1,"reading"
"176",3,40,1,32,1,2294178,2298655,4477,2,2,1,"reading"
"177",3,33,1,33,1,2305177,2309388,4211,3,3,1,"reading"
"178",3,32,1,34,1,2314695,2317921,3226,2,2,1,"reading"
"179",3,34,1,35,1,2347498,2351755,4257,4,4,1,"reading"
"180",3,31,1,36,1,2357409,2363657,6248,1,1,1,"reading"
"181",3,151,2,37,1,2536019,2537995,1976,3,3,1,"zString"
"182",3,152,2,38,1,2544018,2546263,2245,4,4,1,"zString"
"183",3,153,2,39,1,2551118,2553064,1946,1,1,1,"zString"
"184",3,91,3,40,1,2564384,2566896,2512,3,3,1,"zString"
"185",3,159,2,41,1,2577336,2579680,2344,3,3,1,"zString"
"186",3,102,3,42,1,2583560,2585531,1971,2,2,1,"zString"
"187",3,161,2,43,1,2590718,2593297,2579,1,1,1,"zString"
"188",3,158,2,44,1,2622421,2624699,2278,2,2,1,"zString"
"189",3,101,3,45,1,2635423,2637432,2009,1,1,1,"zString"
"190",3,157,2,46,1,2643217,2645282,2065,1,1,1,"zString"
"191",3,99,3,47,1,2679076,2681617,2541,3,3,1,"zString"
"192",3,100,3,48,1,2696865,2698917,2052,4,4,1,"zString"
"193",3,94,3,49,1,2713966,2716189,2223,2,2,1,"zString"
"194",3,155,2,50,1,2725845,2728469,2624,3,3,1,"zString"
"195",3,96,3,51,1,2750913,2753419,2506,4,4,1,"zString"
"196",3,92,3,52,1,2758496,2760715,2219,4,4,1,"zString"
"197",3,162,2,53,1,2769985,2772754,2769,2,2,1,"zString"
"198",3,156,2,54,1,2778200,2780171,1971,4,4,1,"zString"
"199",3,93,3,55,1,2785138,2787222,2084,1,1,1,"zString"
"200",3,97,3,56,1,2896243,2898494,2251,1,1,1,"zString"
"201",3,95,3,57,1,2903643,2906361,2718,3,3,1,"zString"
"202",3,98,3,58,1,2911773,2914528,2755,2,2,1,"zString"
"203",3,154,2,59,1,2962827,2965663,2836,2,2,1,"zString"
"204",3,160,2,60,1,2975967,2978188,2221,4,4,1,"zString"
"205",3,128,1,61,1,2994094,2996864,2770,4,4,1,"zString"
"206",3,121,1,62,1,3001612,3003631,2019,1,1,1,"zString"
"207",3,123,1,63,1,3030330,3032518,2188,3,3,1,"zString"
"208",3,125,1,64,1,3039079,3041116,2037,1,1,1,"zString"
"209",3,129,1,65,1,3048029,3051032,3003,1,1,1,"zString"
"210",3,131,1,66,1,3080785,3083583,2798,3,3,1,"zString"
"211",3,130,1,67,1,3100208,3102734,2526,2,2,1,"zString"
"212",3,124,1,68,1,3123800,3126652,2852,4,4,1,"zString"
"213",3,122,1,69,1,3140168,3142353,2185,2,2,1,"zString"
"214",3,132,1,70,1,3147834,3150102,2268,4,4,1,"zString"
"215",3,127,1,71,1,3160743,3162906,2163,3,3,1,"zString"
"216",3,126,1,72,1,3168193,3171920,3727,2,2,1,"zString"
"217",4,31,2,1,1,5157822,5159795,1973,3,3,1,"zString"
"218",4,32,2,2,1,5166690,5168797,2107,4,4,1,"zString"
"219",4,33,2,3,1,5172589,5175330,2741,1,1,1,"zString"
"220",4,70,3,4,1,5191657,5195180,3523,2,3,0,"zString"
"221",4,37,2,5,1,5221893,5224613,2720,1,1,1,"zString"
"222",4,72,3,6,1,5267263,5271199,3936,4,4,1,"zString"
"223",4,71,3,7,1,5294362,5296584,2222,3,3,1,"zString"
"224",4,35,2,8,1,5321268,5323585,2317,3,2,0,"zString"
"225",4,41,2,9,1,5332003,5334700,2697,1,1,1,"zString"
"226",4,62,3,10,1,5340617,5342334,1717,2,2,1,"zString"
"227",4,68,3,11,1,5365985,5368236,2251,4,4,1,"zString"
"228",4,38,2,12,1,5374619,5376836,2217,2,2,1,"zString"
"229",4,36,2,13,1,5382172,5383903,1731,4,4,1,"zString"
"230",4,63,3,14,1,5396608,5401804,5196,3,3,1,"zString"
"231",4,39,2,15,1,5418622,5421004,2382,3,3,1,"zString"
"232",4,65,3,16,1,5429477,5432389,2912,1,1,1,"zString"
"233",4,66,3,17,1,5437140,5439606,2466,2,2,1,"zString"
"234",4,34,2,18,1,5488065,5490107,2042,2,2,1,"zString"
"235",4,64,3,19,1,5496462,5498775,2313,4,4,1,"zString"
"236",4,40,2,20,1,5531119,5533507,2388,4,4,1,"zString"
"237",4,69,3,21,1,5539514,5542325,2811,1,1,1,"zString"
"238",4,67,3,22,1,5554199,5556358,2159,3,3,1,"zString"
"239",4,42,2,23,1,5562525,5564242,1717,2,2,1,"zString"
"240",4,61,3,24,1,5590300,5592500,2200,1,1,1,"zString"
"241",4,12,1,25,1,5616845,5619377,2532,4,4,1,"zString"
"242",4,6,1,26,1,5629200,5631095,1895,2,2,1,"zString"
"243",4,8,1,27,1,5636650,5638679,2029,4,4,1,"zString"
"244",4,3,1,28,1,5649588,5651462,1874,3,3,1,"zString"
"245",4,9,1,29,1,5695555,5697896,2341,1,1,1,"zString"
"246",4,4,1,30,1,5702324,5704380,2056,4,4,1,"zString"
"247",4,2,1,31,1,5709040,5711931,2891,2,2,1,"zString"
"248",4,5,1,32,1,5729661,5731819,2158,1,1,1,"zString"
"249",4,11,1,33,1,5736655,5739164,2509,3,2,0,"zString"
"250",4,1,1,34,1,5744974,5748014,3040,1,1,1,"zString"
"251",4,10,1,35,1,5774757,5776716,1959,2,2,1,"zString"
"252",4,7,1,36,1,5788482,5790367,1885,3,3,1,"zString"
"253",4,121,2,37,1,5886013,5888486,2473,1,1,1,"reading"
"254",4,122,2,38,1,5894564,5897286,2722,2,2,1,"reading"
"255",4,123,2,39,1,5901809,5904270,2461,3,3,1,"reading"
"256",4,157,3,40,1,5909072,5911537,2465,1,1,1,"reading"
"257",4,155,3,41,1,5917963,5920221,2258,3,3,1,"reading"
"258",4,154,3,42,1,5934551,5936304,1753,2,2,1,"reading"
"259",4,152,3,43,1,5958552,5961222,2670,4,4,1,"reading"
"260",4,156,3,44,1,5966968,5970256,3288,4,4,1,"reading"
"261",4,124,2,45,1,5975236,5977740,2504,4,4,1,"reading"
"262",4,131,2,46,1,5989983,5993091,3108,3,3,1,"reading"
"263",4,125,2,47,1,6002767,6004912,2145,1,1,1,"reading"
"264",4,160,3,48,1,6020133,6022742,2609,4,4,1,"reading"
"265",4,128,2,49,1,6048420,6051042,2622,4,4,1,"reading"
"266",4,127,2,50,1,6059374,6061625,2251,3,3,1,"reading"
"267",4,151,3,51,1,6069635,6071743,2108,3,3,1,"reading"
"268",4,132,2,52,1,6091986,6094660,2674,4,4,1,"reading"
"269",4,161,3,53,1,6115704,6120695,4991,1,1,1,"reading"
"270",4,129,2,54,1,6139321,6141329,2008,1,1,1,"reading"
"271",4,162,3,55,1,6179495,6182614,3119,2,2,1,"reading"
"272",4,158,3,56,1,6203488,6205480,1992,2,2,1,"reading"
"273",4,126,2,57,1,6212640,6214914,2274,2,2,1,"reading"
"274",4,153,3,58,1,6222341,6224523,2182,1,1,1,"reading"
"275",4,130,2,59,1,6261009,6263156,2147,2,2,1,"reading"
"276",4,159,3,60,1,6281671,6284467,2796,3,3,1,"reading"
"277",4,101,1,61,1,6293172,6295617,2445,1,1,1,"reading"
"278",4,91,1,62,1,6312555,6315284,2729,3,3,1,"reading"
"279",4,98,1,63,1,6320842,6323402,2560,2,2,1,"reading"
"280",4,92,1,64,1,6330041,6332470,2429,4,4,1,"reading"
"281",4,99,1,65,1,6368341,6372270,3929,3,3,1,"reading"
"282",4,95,1,66,1,6379828,6381920,2092,3,3,1,"reading"
"283",4,96,1,67,1,6389754,6392088,2334,4,4,1,"reading"
"284",4,100,1,68,1,6413097,6415370,2273,4,4,1,"reading"
"285",4,102,1,69,1,6430204,6433721,3517,2,2,1,"reading"
"286",4,97,1,70,1,6441634,6443423,1789,1,1,1,"reading"
"287",4,94,1,71,1,6451433,6453323,1890,2,2,1,"reading"
"288",4,93,1,72,1,6456749,6458856,2107,1,1,1,"reading"
"289",5,71,1,1,1,1105242,1109266,4024,3,3,1,"reading"
"290",5,72,1,2,1,1118248,1121150,2902,4,4,1,"reading"
"291",5,62,1,3,1,1181361,1185368,4007,2,2,1,"reading"
"292",5,68,1,4,1,1229563,1233186,3623,4,4,1,"reading"
"293",5,66,1,5,1,1328125,1331643,3518,2,2,1,"reading"
"294",5,70,1,6,1,1365096,1369210,4114,2,2,1,"reading"
"295",5,69,1,7,1,1378109,1381778,3669,1,1,1,"reading"
"296",5,64,1,8,1,1400948,1405878,4930,4,4,1,"reading"
"297",5,67,1,9,1,1414947,1418111,3164,3,3,1,"reading"
"298",5,63,1,10,1,1476205,1479313,3108,3,3,1,"reading"
"299",5,65,1,11,1,1485703,1489648,3945,1,1,1,"reading"
"300",5,61,1,12,1,1497769,1501180,3411,1,1,1,"reading"
"301",5,1,2,13,1,1510302,1513832,3530,1,1,1,"reading"
"302",5,2,2,14,1,1522703,1525916,3213,2,2,1,"reading"
"303",5,3,2,15,1,1534309,1537332,3023,3,3,1,"reading"
"304",5,39,3,16,1,1578470,1582267,3797,1,1,1,"reading"
"305",5,42,3,17,1,1589910,1593651,3741,4,4,1,"reading"
"306",5,31,3,18,1,1602304,1606602,4298,1,1,1,"reading"
"307",5,37,3,19,1,1795529,1798725,3196,3,3,1,"reading"
"308",5,32,3,20,1,1813851,1816559,2708,2,2,1,"reading"
"309",5,5,2,21,1,1823531,1826427,2896,1,1,1,"reading"
"310",5,8,2,22,1,1841630,1845993,4363,4,4,1,"reading"
"311",5,7,2,23,1,1854069,1856927,2858,3,3,1,"reading"
"312",5,12,2,24,1,1872561,1875811,3250,4,4,1,"reading"
"313",5,4,2,25,1,1883864,1887343,3479,4,4,1,"reading"
"314",5,34,3,26,1,1949101,1952179,3078,4,4,1,"reading"
"315",5,6,2,27,1,1972819,1976147,3328,2,2,1,"reading"
"316",5,33,3,28,1,2007040,2009916,2876,3,3,1,"reading"
"317",5,9,2,29,1,2024453,2027466,3013,1,1,1,"reading"
"318",5,11,2,30,1,2042090,2045066,2976,3,3,1,"reading"
"319",5,38,3,31,1,2067140,2069801,2661,4,4,1,"reading"
"320",5,35,3,32,1,2099661,2103185,3524,1,1,1,"reading"
"321",5,10,2,33,1,2128673,2132002,3329,2,2,1,"reading"
"322",5,40,3,34,1,2156509,2159753,3244,2,2,1,"reading"
"323",5,36,3,35,1,2182709,2185855,3146,2,2,1,"reading"
"324",5,41,3,36,1,2199525,2202538,3013,3,3,1,"reading"
"325",5,161,1,37,1,2468451,2471214,2763,1,1,1,"zString"
"326",5,154,1,38,1,2490368,2493099,2731,2,2,1,"zString"
"327",5,155,1,39,1,2504088,2506898,2810,3,3,1,"zString"
"328",5,153,1,40,1,2570908,2575517,4609,1,1,1,"zString"
"329",5,160,1,41,1,2586878,2589602,2724,4,4,1,"zString"
"330",5,152,1,42,1,2614577,2616702,2125,4,4,1,"zString"
"331",5,157,1,43,1,2627698,2630470,2772,1,1,1,"zString"
"332",5,158,1,44,1,2673099,2675804,2705,2,2,1,"zString"
"333",5,162,1,45,1,2695117,2697722,2605,2,2,1,"zString"
"334",5,159,1,46,1,2742461,2745507,3046,3,3,1,"zString"
"335",5,156,1,47,1,2755533,2757808,2275,4,4,1,"zString"
"336",5,151,1,48,1,2768385,2770574,2189,3,3,1,"zString"
"337",5,91,2,49,1,2798483,2800702,2219,3,3,1,"zString"
"338",5,92,2,50,1,2810666,2813109,2443,4,4,1,"zString"
"339",5,93,2,51,1,2821499,2823994,2495,1,1,1,"zString"
"340",5,102,2,52,1,2841617,2843677,2060,2,2,1,"zString"
"341",5,127,3,53,1,2878788,2881144,2356,3,3,1,"zString"
"342",5,123,3,54,1,2945912,2948466,2554,3,3,1,"zString"
"343",5,95,2,55,1,2965045,2967700,2655,3,3,1,"zString"
"344",5,97,2,56,1,2993910,2996266,2356,1,1,1,"zString"
"345",5,131,3,57,1,3056820,3059003,2183,3,3,1,"zString"
"346",5,125,3,58,1,3068151,3070453,2302,1,1,1,"zString"
"347",5,130,3,59,1,3121911,3124221,2310,2,2,1,"zString"
"348",5,98,2,60,1,3131359,3133439,2080,2,2,1,"zString"
"349",5,100,2,61,1,3186224,3188157,1933,4,4,1,"zString"
"350",5,128,3,62,1,3213811,3216092,2281,4,4,1,"zString"
"351",5,124,3,63,1,3247562,3250491,2929,4,4,1,"zString"
"352",5,96,2,64,1,3271883,3274394,2511,4,3,0,"zString"
"353",5,126,3,65,1,3309085,3311578,2493,2,2,1,"zString"
"354",5,121,3,66,1,3327994,3330512,2518,1,1,1,"zString"
"355",5,101,2,67,1,3336944,3339028,2084,1,1,1,"zString"
"356",5,122,3,68,1,3346448,3348864,2416,2,2,1,"zString"
"357",5,132,3,69,1,3357221,3359529,2308,4,4,1,"zString"
"358",5,99,2,70,1,3385486,3387581,2095,3,3,1,"zString"
"359",5,94,2,71,1,3403472,3406148,2676,2,2,1,"zString"
"360",5,129,3,72,1,3416344,3418616,2272,1,2,0,"zString"
"361",6,32,1,1,1,4190824,4192724,1900,4,4,1,"zString"
"362",6,31,1,2,1,4224114,4226644,2530,3,3,1,"zString"
"363",6,38,1,3,1,4233473,4235310,1837,2,2,1,"zString"
"364",6,41,1,4,1,4241690,4243411,1721,1,1,1,"zString"
"365",6,33,1,5,1,4255346,4257209,1863,1,1,1,"zString"
"366",6,39,1,6,1,4274564,4276460,1896,3,3,1,"zString"
"367",6,40,1,7,1,4302660,4304462,1802,4,4,1,"zString"
"368",6,35,1,8,1,4311113,4313300,2187,3,3,1,"zString"
"369",6,34,1,9,1,4319514,4321262,1748,2,2,1,"zString"
"370",6,42,1,10,1,4342182,4344341,2159,2,2,1,"zString"
"371",6,37,1,11,1,4375015,4376930,1915,1,1,1,"zString"
"372",6,36,1,12,1,4388764,4390698,1934,4,4,1,"zString"
"373",6,61,2,13,1,4405986,4407799,1813,1,1,1,"zString"
"374",6,62,2,14,1,4413468,4415184,1716,2,2,1,"zString"
"375",6,63,2,15,1,4420603,4422317,1714,3,3,1,"zString"
"376",6,6,3,16,1,4432918,4434632,1714,2,2,1,"zString"
"377",6,70,2,17,1,4439668,4441432,1764,2,2,1,"zString"
"378",6,8,3,18,1,4446742,4448484,1742,4,4,1,"zString"
"379",6,67,2,19,1,4532809,4534654,1845,3,3,1,"zString"
"380",6,64,2,20,1,4550309,4552107,1798,4,4,1,"zString"
"381",6,72,2,21,1,4571034,4573071,2037,4,4,1,"zString"
"382",6,7,3,22,1,4582734,4584622,1888,3,3,1,"zString"
"383",6,3,3,23,1,4599062,4600926,1864,3,3,1,"zString"
"384",6,12,3,24,1,4620716,4622540,1824,4,4,1,"zString"
"385",6,65,2,25,1,4627188,4629208,2020,1,1,1,"zString"
"386",6,1,3,26,1,4633746,4635457,1711,1,1,1,"zString"
"387",6,71,2,27,1,4659053,4660809,1756,3,3,1,"zString"
"388",6,5,3,28,1,4665414,4667125,1711,1,1,1,"zString"
"389",6,2,3,29,1,4677236,4678959,1723,2,2,1,"zString"
"390",6,66,2,30,1,4683535,4685492,1957,2,2,1,"zString"
"391",6,4,3,31,1,4702999,4704726,1727,4,4,1,"zString"
"392",6,11,3,32,1,4721638,4723360,1722,3,3,1,"zString"
"393",6,9,3,33,1,4739918,4741695,1777,1,1,1,"zString"
"394",6,69,2,34,1,4751052,4752762,1710,1,1,1,"zString"
"395",6,68,2,35,1,4758168,4759879,1711,4,4,1,"zString"
"396",6,10,3,36,1,4773949,4775662,1713,2,2,1,"zString"
"397",6,130,1,37,1,4883908,4886700,2792,2,2,1,"reading"
"398",6,122,1,38,1,4891513,4893698,2185,2,2,1,"reading"
"399",6,128,1,39,1,4905442,4908351,2909,4,4,1,"reading"
"400",6,127,1,40,1,4913467,4917983,4516,3,3,1,"reading"
"401",6,126,1,41,1,4923565,4927300,3735,2,2,1,"reading"
"402",6,124,1,42,1,4933343,4936452,3109,4,4,1,"reading"
"403",6,121,1,43,1,4943596,4945851,2255,1,1,1,"reading"
"404",6,132,1,44,1,4988174,4991454,3280,4,4,1,"reading"
"405",6,125,1,45,1,5021798,5023854,2056,1,1,1,"reading"
"406",6,123,1,46,1,5033347,5035638,2291,3,3,1,"reading"
"407",6,129,1,47,1,5052948,5055955,3007,1,1,1,"reading"
"408",6,131,1,48,1,5071233,5073589,2356,3,3,1,"reading"
"409",6,151,2,49,1,5080137,5082439,2302,3,3,1,"reading"
"410",6,152,2,50,1,5091064,5095574,4510,4,4,1,"reading"
"411",6,153,2,51,1,5100900,5103085,2185,1,1,1,"reading"
"412",6,101,3,52,1,5119094,5121391,2297,1,1,1,"reading"
"413",6,158,2,53,1,5127005,5129274,2269,2,2,1,"reading"
"414",6,98,3,54,1,5133876,5136225,2349,2,2,1,"reading"
"415",6,157,2,55,1,5206711,5208678,1967,1,1,1,"reading"
"416",6,95,3,56,1,5243422,5245729,2307,3,3,1,"reading"
"417",6,159,2,57,1,5252726,5254695,1969,3,3,1,"reading"
"418",6,155,2,58,1,5271196,5273247,2051,3,3,1,"reading"
"419",6,102,3,59,1,5282647,5285748,3101,2,2,1,"reading"
"420",6,100,3,60,1,5295678,5298314,2636,4,4,1,"reading"
"421",6,154,2,61,1,5314326,5316249,1923,2,2,1,"reading"
"422",6,161,2,62,1,5322164,5325198,3034,1,1,1,"reading"
"423",6,99,3,63,1,5339776,5342249,2473,3,3,1,"reading"
"424",6,160,2,64,1,5351818,5354513,2695,4,4,1,"reading"
"425",6,96,3,65,1,5388236,5390934,2698,4,4,1,"reading"
"426",6,156,2,66,1,5396045,5398550,2505,4,4,1,"reading"
"427",6,93,3,67,1,5403136,5405140,2004,1,1,1,"reading"
"428",6,162,2,68,1,5413775,5416718,2943,2,2,1,"reading"
"429",6,91,3,69,1,5425385,5429269,3884,3,3,1,"reading"
"430",6,97,3,70,1,5434148,5436368,2220,1,1,1,"reading"
"431",6,94,3,71,1,5445686,5448153,2467,2,2,1,"reading"
"432",6,92,3,72,1,5458194,5460670,2476,4,4,1,"reading"
"433",7,31,2,1,1,826885,832275,5390,1,1,1,"reading"
"434",7,32,2,2,1,840073,843527,3454,2,2,1,"reading"
"435",7,33,2,3,1,853992,860110,6118,3,3,1,"reading"
"436",7,63,3,4,1,902489,906546,4057,3,3,1,"reading"
"437",7,64,3,5,1,975880,980297,4417,4,4,1,"reading"
"438",7,42,2,6,1,993881,997298,3417,4,4,1,"reading"
"439",7,36,2,7,1,1014498,1016942,2444,2,2,1,"reading"
"440",7,69,3,8,1,1023231,1026433,3202,1,1,1,"reading"
"441",7,34,2,9,1,1049238,1051917,2679,4,4,1,"reading"
"442",7,65,3,10,1,1058852,1063217,4365,1,1,1,"reading"
"443",7,40,2,11,1,1090639,1094001,3362,2,2,1,"reading"
"444",7,66,3,12,1,1112237,1115670,3433,2,2,1,"reading"
"445",7,67,3,13,1,1128004,1133887,5883,3,4,0,"reading"
"446",7,38,2,14,1,1152473,1156438,3965,4,4,1,"reading"
"447",7,72,3,15,1,1177104,1179770,2666,4,4,1,"reading"
"448",7,39,2,16,1,1203707,1206990,3283,1,1,1,"reading"
"449",7,37,2,17,1,1215158,1218072,2914,3,3,1,"reading"
"450",7,71,3,18,1,1317714,1321146,3432,3,3,1,"reading"
"451",7,70,3,19,1,1329731,1335379,5648,2,2,1,"reading"
"452",7,41,2,20,1,1360238,1362946,2708,3,3,1,"reading"
"453",7,68,3,21,1,1403766,1407063,3297,4,4,1,"reading"
"454",7,61,3,22,1,1415969,1422715,6746,1,1,1,"reading"
"455",7,35,2,23,1,1435717,1438932,3215,1,1,1,"reading"
"456",7,62,3,24,1,1460042,1463166,3124,2,2,1,"reading"
"457",7,10,1,25,1,1485394,1488166,2772,2,2,1,"reading"
"458",7,8,1,26,1,1510792,1514018,3226,4,4,1,"reading"
"459",7,3,1,27,1,1542890,1547669,4779,3,1,0,"reading"
"460",7,6,1,28,1,1554742,1560436,5694,2,1,0,"reading"
"461",7,9,1,29,1,1567152,1569388,2236,1,1,1,"reading"
"462",7,5,1,30,1,1590244,1593170,2926,1,1,1,"reading"
"463",7,4,1,31,1,1609896,1613254,3358,4,4,1,"reading"
"464",7,12,1,32,1,1621239,1624055,2816,4,4,1,"reading"
"465",7,7,1,33,1,1633139,1637105,3966,3,3,1,"reading"
"466",7,11,1,34,1,1650607,1654457,3850,3,2,0,"reading"
"467",7,1,1,35,1,1691742,1694241,2499,1,1,1,"reading"
"468",7,2,1,36,1,1722931,1726424,3493,2,2,1,"reading"
"469",7,121,2,37,1,1846404,1848362,1958,1,1,1,"zString"
"470",7,122,2,38,1,1853503,1855313,1810,2,2,1,"zString"
"471",7,123,2,39,1,1860733,1862512,1779,3,3,1,"zString"
"472",7,124,2,40,1,1870949,1872963,2014,4,4,1,"zString"
"473",7,157,3,41,1,1879048,1881205,2157,1,1,1,"zString"
"474",7,129,2,42,1,1896104,1898214,2110,1,1,1,"zString"
"475",7,125,2,43,1,1913399,1916465,3066,1,1,1,"zString"
"476",7,127,2,44,1,1921320,1923064,1744,3,3,1,"zString"
"477",7,130,2,45,1,1942453,1944674,2221,2,2,1,"zString"
"478",7,153,3,46,1,1949653,1952599,2946,1,1,1,"zString"
"479",7,151,3,47,1,1978880,1981452,2572,3,3,1,"zString"
"480",7,158,3,48,1,1991207,1992984,1777,2,2,1,"zString"
"481",7,159,3,49,1,1998642,2000839,2197,3,3,1,"zString"
"482",7,162,3,50,1,2006275,2008118,1843,2,2,1,"zString"
"483",7,160,3,51,1,2023724,2025651,1927,4,4,1,"zString"
"484",7,155,3,52,1,2037208,2040202,2994,3,3,1,"zString"
"485",7,131,2,53,1,2045628,2047703,2075,3,3,1,"zString"
"486",7,128,2,54,1,2053110,2055335,2225,4,4,1,"zString"
"487",7,126,2,55,1,2071366,2074321,2955,2,2,1,"zString"
"488",7,161,3,56,1,2088486,2090254,1768,1,1,1,"zString"
"489",7,152,3,57,1,2154120,2156957,2837,4,4,1,"zString"
"490",7,156,3,58,1,2168084,2171006,2922,4,4,1,"zString"
"491",7,132,2,59,1,2206840,2208958,2118,4,4,1,"zString"
"492",7,154,3,60,1,2255294,2257909,2615,2,2,1,"zString"
"493",7,92,1,61,1,2263491,2265593,2102,4,4,1,"zString"
"494",7,96,1,62,1,2289795,2291661,1866,4,4,1,"zString"
"495",7,99,1,63,1,2299746,2301761,2015,3,3,1,"zString"
"496",7,102,1,64,1,2310548,2312844,2296,2,2,1,"zString"
"497",7,93,1,65,1,2325247,2327229,1982,1,1,1,"zString"
"498",7,95,1,66,1,2342495,2344546,2051,3,3,1,"zString"
"499",7,94,1,67,1,2354761,2357246,2485,2,2,1,"zString"
"500",7,100,1,68,1,2363333,2365896,2563,4,4,1,"zString"
"501",7,101,1,69,1,2370311,2372380,2069,1,1,1,"zString"
"502",7,97,1,70,1,2391850,2393632,1782,1,1,1,"zString"
"503",7,98,1,71,1,2422450,2424416,1966,2,2,1,"zString"
"504",7,91,1,72,1,2434213,2436378,2165,3,3,1,"zString"
"505",8,1,2,1,1,4069015,4071371,2356,1,1,1,"zString"
"506",8,2,2,2,1,4077221,4079089,1868,2,2,1,"zString"
"507",8,3,2,3,1,4085648,4087671,2023,3,3,1,"zString"
"508",8,5,2,4,1,4093332,4095205,1873,1,1,1,"zString"
"509",8,41,3,5,1,4111136,4113330,2194,1,1,1,"zString"
"510",8,33,3,6,1,4127167,4129206,2039,1,1,1,"zString"
"511",8,32,3,7,1,4166621,4168708,2087,4,4,1,"zString"
"512",8,39,3,8,1,4196990,4199109,2119,3,3,1,"zString"
"513",8,37,3,9,1,4205306,4207891,2585,1,1,1,"zString"
"514",8,9,2,10,1,4235378,4237093,1715,1,1,1,"zString"
"515",8,4,2,11,1,4251709,4254076,2367,4,4,1,"zString"
"516",8,6,2,12,1,4295460,4297658,2198,2,2,1,"zString"
"517",8,8,2,13,1,4312211,4314046,1835,4,4,1,"zString"
"518",8,40,3,14,1,4323031,4326613,3582,4,4,1,"zString"
"519",8,34,3,15,1,4333614,4335613,1999,2,2,1,"zString"
"520",8,42,3,16,1,4354997,4356964,1967,2,2,1,"zString"
"521",8,35,3,17,1,4370631,4373097,2466,3,3,1,"zString"
"522",8,31,3,18,1,4387051,4389615,2564,3,3,1,"zString"
"523",8,12,2,19,1,4490273,4492520,2247,4,4,1,"zString"
"524",8,11,2,20,1,4523208,4525453,2245,3,3,1,"zString"
"525",8,10,2,21,1,4538605,4540969,2364,2,2,1,"zString"
"526",8,38,3,22,1,4548858,4550736,1878,2,2,1,"zString"
"527",8,7,2,23,1,4564006,4566004,1998,3,3,1,"zString"
"528",8,36,3,24,1,4590358,4592304,1946,4,4,1,"zString"
"529",8,65,1,25,1,4616928,4619090,2162,1,1,1,"zString"
"530",8,71,1,26,1,4625591,4627589,1998,3,3,1,"zString"
"531",8,69,1,27,1,4647460,4649524,2064,1,1,1,"zString"
"532",8,67,1,28,1,4656242,4658308,2066,3,3,1,"zString"
"533",8,64,1,29,1,4677195,4679074,1879,4,4,1,"zString"
"534",8,68,1,30,1,4694029,4695774,1745,4,4,1,"zString"
"535",8,62,1,31,1,4708902,4711425,2523,2,2,1,"zString"
"536",8,63,1,32,1,4726632,4728527,1895,3,3,1,"zString"
"537",8,72,1,33,1,4745367,4747563,2196,4,4,1,"zString"
"538",8,61,1,34,1,4758183,4760228,2045,1,1,1,"zString"
"539",8,70,1,35,1,4765798,4767510,1712,2,2,1,"zString"
"540",8,66,1,36,1,4785686,4787561,1875,2,2,1,"zString"
"541",8,91,2,37,1,4997773,5001286,3513,3,3,1,"reading"
"542",8,92,2,38,1,5007380,5010818,3438,4,4,1,"reading"
"543",8,93,2,39,1,5016887,5019953,3066,1,1,1,"reading"
"544",8,99,2,40,1,5038177,5041804,3627,3,3,1,"reading"
"545",8,100,2,41,1,5054711,5057271,2560,4,4,1,"reading"
"546",8,98,2,42,1,5083812,5086155,2343,2,2,1,"reading"
"547",8,121,3,43,1,5106330,5110722,4392,1,1,1,"reading"
"548",8,123,3,44,1,5123414,5126072,2658,3,3,1,"reading"
"549",8,125,3,45,1,5148327,5150890,2563,1,1,1,"reading"
"550",8,94,2,46,1,5162283,5164674,2391,2,2,1,"reading"
"551",8,97,2,47,1,5169596,5172008,2412,1,1,1,"reading"
"552",8,128,3,48,1,5178319,5186108,7789,4,4,1,"reading"
"553",8,126,3,49,1,5193715,5196392,2677,2,2,1,"reading"
"554",8,122,3,50,1,5203448,5205559,2111,2,2,1,"reading"
"555",8,130,3,51,1,5242401,5244211,1810,2,2,1,"reading"
"556",8,129,3,52,1,5275070,5277812,2742,1,1,1,"reading"
"557",8,132,3,53,1,5521334,5523820,2486,4,4,1,"reading"
"558",8,127,3,54,1,5532499,5535288,2789,3,3,1,"reading"
"559",8,131,3,55,1,5541948,5544505,2557,3,3,1,"reading"
"560",8,124,3,56,1,5556951,5559787,2836,4,4,1,"reading"
"561",8,95,2,57,1,5573351,5575556,2205,3,3,1,"reading"
"562",8,101,2,58,1,5584499,5587238,2739,1,1,1,"reading"
"563",8,96,2,59,1,5616236,5618989,2753,4,4,1,"reading"
"564",8,102,2,60,1,5626507,5628724,2217,2,2,1,"reading"
"565",8,156,1,61,1,5652825,5656125,3300,4,1,0,"reading"
"566",8,154,1,62,1,5680609,5682753,2144,2,2,1,"reading"
"567",8,158,1,63,1,5689681,5691742,2061,2,2,1,"reading"
"568",8,151,1,64,1,5704734,5707410,2676,3,3,1,"reading"
"569",8,157,1,65,1,5715256,5717793,2537,1,1,1,"reading"
"570",8,155,1,66,1,5742005,5752712,10707,3,1,0,"reading"
"571",8,152,1,67,1,5781065,5784512,3447,4,4,1,"reading"
"572",8,153,1,68,1,5790227,5792596,2369,1,1,1,"reading"
"573",8,160,1,69,1,5806011,5809529,3518,4,4,1,"reading"
"574",8,161,1,70,1,5838333,5841781,3448,1,1,1,"reading"
"575",8,159,1,71,1,5848780,5851649,2869,3,3,1,"reading"
"576",8,162,1,72,1,5858340,5861231,2891,2,2,1,"reading"
"577",9,42,1,1,1,11988968,11991774,2806,4,4,1,"reading"
"578",9,32,1,2,1,12003770,12007357,3587,2,2,1,"reading"
"579",9,40,1,3,1,12020918,12024290,3372,2,2,1,"reading"
"580",9,34,1,4,1,12042656,12045241,2585,4,4,1,"reading"
"581",9,36,1,5,1,12062506,12065291,2785,2,2,1,"reading"
"582",9,39,1,6,1,12069873,12072726,2853,1,1,1,"reading"
"583",9,33,1,7,1,12082609,12085059,2450,3,3,1,"reading"
"584",9,37,1,8,1,12092745,12096293,3548,3,2,0,"reading"
"585",9,35,1,9,1,12102412,12105177,2765,1,1,1,"reading"
"586",9,31,1,10,1,12187755,12190713,2958,1,1,1,"reading"
"587",9,38,1,11,1,12210720,12213080,2360,4,4,1,"reading"
"588",9,41,1,12,1,12226256,12230947,4691,3,2,0,"reading"
"589",9,61,2,13,1,12253672,12255731,2059,1,1,1,"reading"
"590",9,62,2,14,1,12260273,12262598,2325,2,2,1,"reading"
"591",9,63,2,15,1,12267773,12270249,2476,3,3,1,"reading"
"592",9,1,3,16,1,12295525,12297693,2168,1,1,1,"reading"
"593",9,65,2,17,1,12314242,12318983,4741,1,1,1,"reading"
"594",9,7,3,18,1,12324659,12327750,3091,3,3,1,"reading"
"595",9,69,2,19,1,12434563,12436788,2225,1,1,1,"reading"
"596",9,68,2,20,1,12442149,12444704,2555,4,4,1,"reading"
"597",9,2,3,21,1,12449914,12452555,2641,2,2,1,"reading"
"598",9,4,3,22,1,12462699,12465423,2724,4,4,1,"reading"
"599",9,64,2,23,1,12475333,12477921,2588,4,4,1,"reading"
"600",9,67,2,24,1,12505850,12513258,7408,3,3,1,"reading"
"601",9,70,2,25,1,12535622,12538340,2718,2,2,1,"reading"
"602",9,12,3,26,1,12543969,12546475,2506,4,4,1,"reading"
"603",9,10,3,27,1,12562866,12564909,2043,2,2,1,"reading"
"604",9,11,3,28,1,12596057,12600225,4168,3,3,1,"reading"
"605",9,66,2,29,1,12614771,12617544,2773,2,2,1,"reading"
"606",9,72,2,30,1,12631668,12634679,3011,4,4,1,"reading"
"607",9,3,3,31,1,12655464,12658078,2614,3,3,1,"reading"
"608",9,8,3,32,1,12677507,12680287,2780,4,4,1,"reading"
"609",9,5,3,33,1,12688961,12690880,1919,1,1,1,"reading"
"610",9,71,2,34,1,12694711,12696906,2195,3,3,1,"reading"
"611",9,9,3,35,1,12701822,12703647,1825,1,1,1,"reading"
"612",9,6,3,36,1,12710361,12712746,2385,2,2,1,"reading"
"613",9,121,1,37,1,12898801,12900519,1718,1,1,1,"zString"
"614",9,132,1,38,1,12906294,12908170,1876,4,4,1,"zString"
"615",9,123,1,39,1,12932345,12934121,1776,3,3,1,"zString"
"616",9,127,1,40,1,12950513,12952354,1841,3,3,1,"zString"
"617",9,131,1,41,1,12957645,12959522,1877,3,3,1,"zString"
"618",9,124,1,42,1,12986294,12988273,1979,4,4,1,"zString"
"619",9,122,1,43,1,13007099,13008923,1824,2,2,1,"zString"
"620",9,129,1,44,1,13018847,13021407,2560,1,1,1,"zString"
"621",9,125,1,45,1,13030551,13032408,1857,1,1,1,"zString"
"622",9,126,1,46,1,13038689,13041025,2336,2,2,1,"zString"
"623",9,130,1,47,1,13055749,13057459,1710,2,2,1,"zString"
"624",9,128,1,48,1,13068233,13069958,1725,4,4,1,"zString"
"625",9,151,2,49,1,13076139,13077960,1821,3,3,1,"zString"
"626",9,152,2,50,1,13082800,13084725,1925,4,3,0,"zString"
"627",9,153,2,51,1,13088653,13090459,1806,1,1,1,"zString"
"628",9,99,3,52,1,13099919,13102309,2390,3,3,1,"zString"
"629",9,92,3,53,1,13117416,13119728,2312,4,4,1,"zString"
"630",9,100,3,54,1,13129748,13131677,1929,4,4,1,"zString"
"631",9,97,3,55,1,13180510,13182812,2302,1,1,1,"zString"
"632",9,154,2,56,1,13191469,13193263,1794,2,2,1,"zString"
"633",9,91,3,57,1,13203626,13205363,1737,3,3,1,"zString"
"634",9,101,3,58,1,13218299,13220598,2299,1,1,1,"zString"
"635",9,160,2,59,1,13261645,13263766,2121,4,4,1,"zString"
"636",9,94,3,60,1,13274528,13276516,1988,2,2,1,"zString"
"637",9,96,3,61,1,13281621,13283389,1768,4,4,1,"zString"
"638",9,162,2,62,1,13287659,13289417,1758,2,2,1,"zString"
"639",9,98,3,63,1,13294128,13295901,1773,2,2,1,"zString"
"640",9,93,3,64,1,13304380,13306834,2454,1,1,1,"zString"
"641",9,102,3,65,1,13326696,13328859,2163,2,2,1,"zString"
"642",9,156,2,66,1,13353909,13355784,1875,4,4,1,"zString"
"643",9,158,2,67,1,13384582,13386454,1872,2,2,1,"zString"
"644",9,157,2,68,1,13391059,13393154,2095,1,1,1,"zString"
"645",9,155,2,69,1,13402084,13404004,1920,3,3,1,"zString"
"646",9,159,2,70,1,13408554,13410287,1733,3,3,1,"zString"
"647",9,161,2,71,1,13415467,13417187,1720,1,1,1,"zString"
"648",9,95,3,72,1,13427652,13429605,1953,3,3,1,"zString"
"649",10,2,1,1,1,474857,477050,2193,2,2,1,"zString"
"650",10,12,1,2,1,493478,495582,2104,4,4,1,"zString"
"651",10,4,1,3,1,501212,503315,2103,4,4,1,"zString"
"652",10,9,1,4,1,516426,518348,1922,1,1,1,"zString"
"653",10,5,1,5,1,530729,532632,1903,1,1,1,"zString"
"654",10,10,1,6,1,537561,539416,1855,2,2,1,"zString"
"655",10,1,1,7,1,544594,546633,2039,1,1,1,"zString"
"656",10,8,1,8,1,584366,586467,2101,4,4,1,"zString"
"657",10,3,1,9,1,591878,593685,1807,3,3,1,"zString"
"658",10,6,1,10,1,640569,642852,2283,2,2,1,"zString"
"659",10,7,1,11,1,648254,650303,2049,3,3,1,"zString"
"660",10,11,1,12,1,667287,669536,2249,3,3,1,"zString"
"661",10,31,2,13,1,681087,683154,2067,3,3,1,"zString"
"662",10,32,2,14,1,689425,691421,1996,4,3,0,"zString"
"663",10,33,2,15,1,696624,698521,1897,1,1,1,"zString"
"664",10,70,3,16,1,705287,707122,1835,2,2,1,"zString"
"665",10,42,2,17,1,717193,719054,1861,2,2,1,"zString"
"666",10,69,3,18,1,731276,733022,1746,1,1,1,"zString"
"667",10,34,2,19,1,738727,740455,1728,2,2,1,"zString"
"668",10,40,2,20,1,902616,904831,2215,4,4,1,"zString"
"669",10,38,2,21,1,915001,916712,1711,2,2,1,"zString"
"670",10,65,3,22,1,921902,924278,2376,1,1,1,"zString"
"671",10,71,3,23,1,930231,932745,2514,3,3,1,"zString"
"672",10,37,2,24,1,936954,939137,2183,1,1,1,"zString"
"673",10,63,3,25,1,949063,951096,2033,3,3,1,"zString"
"674",10,72,3,26,1,966117,967847,1730,4,4,1,"zString"
"675",10,67,3,27,1,991176,992980,1804,3,3,1,"zString"
"676",10,68,3,28,1,1010216,1012032,1816,4,4,1,"zString"
"677",10,35,2,29,1,1023420,1025216,1796,3,3,1,"zString"
"678",10,61,3,30,1,1047736,1049896,2160,1,1,1,"zString"
"679",10,66,3,31,1,1071823,1074084,2261,2,2,1,"zString"
"680",10,62,3,32,1,1078574,1080934,2360,2,2,1,"zString"
"681",10,64,3,33,1,1113962,1115952,1990,4,4,1,"zString"
"682",10,41,2,34,1,1142675,1144635,1960,1,1,1,"zString"
"683",10,39,2,35,1,1151042,1152936,1894,3,3,1,"zString"
"684",10,36,2,36,1,1179279,1181820,2541,4,4,1,"zString"
"685",10,95,1,37,1,1431286,1433981,2695,3,3,1,"reading"
"686",10,100,1,38,1,1459204,1462915,3711,4,4,1,"reading"
"687",10,102,1,39,1,1485654,1490417,4763,2,2,1,"reading"
"688",10,91,1,40,1,1511357,1514784,3427,3,3,1,"reading"
"689",10,99,1,41,1,1519323,1522184,2861,3,3,1,"reading"
"690",10,94,1,42,1,1532996,1536450,3454,2,2,1,"reading"
"691",10,92,1,43,1,1541347,1544434,3087,4,4,1,"reading"
"692",10,97,1,44,1,1548704,1553668,4964,1,1,1,"reading"
"693",10,93,1,45,1,1569563,1571714,2151,1,1,1,"reading"
"694",10,96,1,46,1,1583195,1585935,2740,4,4,1,"reading"
"695",10,98,1,47,1,1596928,1600586,3658,2,2,1,"reading"
"696",10,101,1,48,1,1621430,1624321,2891,1,1,1,"reading"
"697",10,121,2,49,1,1635716,1638372,2656,1,1,1,"reading"
"698",10,122,2,50,1,1643883,1646688,2805,2,2,1,"reading"
"699",10,123,2,51,1,1652132,1655805,3673,3,3,1,"reading"
"700",10,155,3,52,1,1678356,1681574,3218,3,3,1,"reading"
"701",10,156,3,53,1,1687336,1693590,6254,4,1,0,"reading"
"702",10,159,3,54,1,1706383,1709723,3340,3,3,1,"reading"
"703",10,154,3,55,1,1888316,1891267,2951,2,2,1,"reading"
"704",10,161,3,56,1,1897645,1902282,4637,1,1,1,"reading"
"705",10,126,2,57,1,1926201,1931066,4865,2,2,1,"reading"
"706",10,125,2,58,1,1936300,1939000,2700,1,1,1,"reading"
"707",10,153,3,59,1,1956796,1959285,2489,1,1,1,"reading"
"708",10,127,2,60,1,1964193,1966768,2575,3,3,1,"reading"
"709",10,128,2,61,1,1984447,1987536,3089,4,4,1,"reading"
"710",10,157,3,62,1,2005189,2008753,3564,1,1,1,"reading"
"711",10,132,2,63,1,2030356,2032870,2514,4,4,1,"reading"
"712",10,160,3,64,1,2050361,2054804,4443,4,4,1,"reading"
"713",10,158,3,65,1,2060611,2063105,2494,2,2,1,"reading"
"714",10,152,3,66,1,2093487,2096972,3485,4,4,1,"reading"
"715",10,124,2,67,1,2113488,2116639,3151,4,4,1,"reading"
"716",10,131,2,68,1,2132798,2135674,2876,3,3,1,"reading"
"717",10,129,2,69,1,2146117,2148890,2773,1,1,1,"reading"
"718",10,162,3,70,1,2160217,2162623,2406,2,2,1,"reading"
"719",10,151,3,71,1,2173590,2176292,2702,3,3,1,"reading"
"720",10,130,2,72,1,2187903,2190275,2372,2,2,1,"reading"
"721",11,1,2,1,1,3381725,3384215,2490,1,1,1,"reading"
"722",11,2,2,2,1,3392632,3396634,4002,2,2,1,"reading"
"723",11,3,2,3,1,3403259,3406783,3524,3,3,1,"reading"
"724",11,34,3,4,1,3413745,3416416,2671,4,4,1,"reading"
"725",11,36,3,5,1,3429979,3432565,2586,2,2,1,"reading"
"726",11,33,3,6,1,3478905,3483701,4796,3,2,0,"reading"
"727",11,38,3,7,1,3500814,3503885,3071,4,4,1,"reading"
"728",11,11,2,8,1,3517651,3521536,3885,3,3,1,"reading"
"729",11,40,3,9,1,3527986,3531053,3067,2,2,1,"reading"
"730",11,4,2,10,1,3552151,3555270,3119,4,4,1,"reading"
"731",11,5,2,11,1,3595804,3598389,2585,1,1,1,"reading"
"732",11,42,3,12,1,3610206,3614790,4584,4,4,1,"reading"
"733",11,35,3,13,1,3636226,3639256,3030,1,1,1,"reading"
"734",11,9,2,14,1,3650240,3652641,2401,1,1,1,"reading"
"735",11,6,2,15,1,3673610,3677725,4115,2,2,1,"reading"
"736",11,12,2,16,1,3695775,3699109,3334,4,4,1,"reading"
"737",11,32,3,17,1,3866951,3872015,5064,2,2,1,"reading"
"738",11,8,2,18,1,3931887,3934967,3080,4,4,1,"reading"
"739",11,37,3,19,1,3941255,3944100,2845,3,3,1,"reading"
"740",11,39,3,20,1,3976705,3979250,2545,1,1,1,"reading"
"741",11,41,3,21,1,3984870,3987401,2531,3,3,1,"reading"
"742",11,7,2,22,1,3998960,4001785,2825,3,3,1,"reading"
"743",11,31,3,23,1,4015843,4019453,3610,1,1,1,"reading"
"744",11,10,2,24,1,4024325,4026885,2560,2,2,1,"reading"
"745",11,69,1,25,1,4033040,4035837,2797,1,1,1,"reading"
"746",11,67,1,26,1,4059695,4062537,2842,3,3,1,"reading"
"747",11,63,1,27,1,4097483,4100356,2873,3,3,1,"reading"
"748",11,66,1,28,1,4113212,4116305,3093,2,2,1,"reading"
"749",11,68,1,29,1,4121929,4124539,2610,4,4,1,"reading"
"750",11,65,1,30,1,4135666,4138774,3108,1,1,1,"reading"
"751",11,62,1,31,1,4148647,4151357,2710,2,2,1,"reading"
"752",11,64,1,32,1,4162815,4165757,2942,4,4,1,"reading"
"753",11,70,1,33,1,4171299,4174925,3626,2,2,1,"reading"
"754",11,72,1,34,1,4196683,4199708,3025,4,4,1,"reading"
"755",11,71,1,35,1,4205435,4208776,3341,3,3,1,"reading"
"756",11,61,1,36,1,4220383,4223143,2760,1,1,1,"reading"
"757",11,91,2,37,1,4479344,4481052,1708,3,3,1,"zString"
"758",11,92,2,38,1,4516529,4518437,1908,4,4,1,"zString"
"759",11,93,2,39,1,4523429,4525338,1909,1,1,1,"zString"
"760",11,128,3,40,1,4548431,4550371,1940,4,4,1,"zString"
"761",11,95,2,41,1,4563497,4565472,1975,3,4,0,"zString"
"762",11,94,2,42,1,4577221,4579023,1802,2,2,1,"zString"
"763",11,100,2,43,1,4619074,4621191,2117,4,4,1,"zString"
"764",11,122,3,44,1,4638338,4640925,2587,2,2,1,"zString"
"765",11,131,3,45,1,4652022,4653860,1838,3,3,1,"zString"
"766",11,125,3,46,1,4661189,4663209,2020,1,1,1,"zString"
"767",11,97,2,47,1,4695422,4697860,2438,1,1,1,"zString"
"768",11,132,3,48,1,4706241,4708193,1952,4,4,1,"zString"
"769",11,98,2,49,1,4729695,4731495,1800,2,2,1,"zString"
"770",11,127,3,50,1,4750642,4752361,1719,3,3,1,"zString"
"771",11,130,3,51,1,4759723,4761445,1722,2,2,1,"zString"
"772",11,124,3,52,1,4774976,4777453,2477,4,4,1,"zString"
"773",11,121,3,53,1,4782844,4784697,1853,1,1,1,"zString"
"774",11,126,3,54,1,4990450,4992170,1720,2,2,1,"zString"
"775",11,129,3,55,1,5035349,5037187,1838,1,1,1,"zString"
"776",11,101,2,56,1,5048533,5050622,2089,1,1,1,"zString"
"777",11,96,2,57,1,5068755,5071055,2300,4,4,1,"zString"
"778",11,123,3,58,1,5076839,5078657,1818,3,3,1,"zString"
"779",11,99,2,59,1,5089314,5091556,2242,3,3,1,"zString"
"780",11,102,2,60,1,5097631,5099690,2059,2,2,1,"zString"
"781",11,162,1,61,1,5122720,5124442,1722,2,2,1,"zString"
"782",11,159,1,62,1,5129934,5131859,1925,3,3,1,"zString"
"783",11,161,1,63,1,5137018,5138941,1923,1,1,1,"zString"
"784",11,151,1,64,1,5144270,5145992,1722,3,3,1,"zString"
"785",11,154,1,65,1,5151531,5153276,1745,2,2,1,"zString"
"786",11,157,1,66,1,5186637,5188577,1940,1,1,1,"zString"
"787",11,156,1,67,1,5196255,5198110,1855,4,3,0,"zString"
"788",11,152,1,68,1,5204519,5206444,1925,4,4,1,"zString"
"789",11,155,1,69,1,5224209,5226012,1803,3,3,1,"zString"
"790",11,160,1,70,1,5237408,5239128,1720,4,4,1,"zString"
"791",11,158,1,71,1,5302544,5304315,1771,2,2,1,"zString"
"792",11,153,1,72,1,5309877,5312058,2181,1,1,1,"zString"
"793",12,61,2,1,1,7176861,7178979,2118,1,1,1,"zString"
"794",12,62,2,2,1,7184768,7186497,1729,2,2,1,"zString"
"795",12,63,2,3,1,7191129,7192846,1717,3,3,1,"zString"
"796",12,71,2,4,1,7204944,7206746,1802,3,3,1,"zString"
"797",12,65,2,5,1,7225914,7227680,1766,1,1,1,"zString"
"798",12,72,2,6,1,7232716,7234681,1965,4,4,1,"zString"
"799",12,7,3,7,1,7240751,7242481,1730,3,3,1,"zString"
"800",12,9,3,8,1,7261647,7263363,1716,1,1,1,"zString"
"801",12,64,2,9,1,7288368,7290964,2596,4,4,1,"zString"
"802",12,3,3,10,1,7297087,7298815,1728,3,3,1,"zString"
"803",12,69,2,11,1,7315668,7317567,1899,1,1,1,"zString"
"804",12,67,2,12,1,7326306,7328933,2627,3,2,0,"zString"
"805",12,70,2,13,1,7346869,7348600,1731,2,2,1,"zString"
"806",12,8,3,14,1,7354270,7356066,1796,4,4,1,"zString"
"807",12,68,2,15,1,7368471,7370184,1713,4,4,1,"zString"
"808",12,4,3,16,1,7408392,7410135,1743,4,4,1,"zString"
"809",12,12,3,17,1,7424894,7427353,2459,4,4,1,"zString"
"810",12,10,3,18,1,7602515,7604493,1978,2,2,1,"zString"
"811",12,66,2,19,1,7608649,7610427,1778,2,2,1,"zString"
"812",12,2,3,20,1,7615387,7617094,1707,2,2,1,"zString"
"813",12,6,3,21,1,7630969,7632760,1791,2,2,1,"zString"
"814",12,11,3,22,1,7647020,7649094,2074,3,2,0,"zString"
"815",12,1,3,23,1,7653869,7655762,1893,1,1,1,"zString"
"816",12,5,3,24,1,7659690,7661978,2288,1,1,1,"zString"
"817",12,42,1,25,1,7702342,7704079,1737,2,2,1,"zString"
"818",12,34,1,26,1,7721025,7723347,2322,2,2,1,"zString"
"819",12,31,1,27,1,7740611,7742348,1737,3,3,1,"zString"
"820",12,37,1,28,1,7747126,7749198,2072,1,1,1,"zString"
"821",12,35,1,29,1,7764178,7766131,1953,3,3,1,"zString"
"822",12,38,1,30,1,7794980,7797100,2120,2,2,1,"zString"
"823",12,33,1,31,1,7803197,7805134,1937,1,1,1,"zString"
"824",12,41,1,32,1,7815082,7817067,1985,1,1,1,"zString"
"825",12,32,1,33,1,7823366,7825554,2188,4,4,1,"zString"
"826",12,39,1,34,1,7838281,7840050,1769,3,3,1,"zString"
"827",12,40,1,35,1,7852280,7854017,1737,4,4,1,"zString"
"828",12,36,1,36,1,7858545,7860536,1991,4,4,1,"zString"
"829",12,151,2,37,1,8076490,8079259,2769,3,3,1,"reading"
"830",12,152,2,38,1,8088920,8092008,3088,4,4,1,"reading"
"831",12,153,2,39,1,8098487,8100743,2256,1,1,1,"reading"
"832",12,155,2,40,1,8122073,8125927,3854,3,3,1,"reading"
"833",12,98,3,41,1,8151086,8153829,2743,2,2,1,"reading"
"834",12,95,3,42,1,8165223,8167728,2505,3,3,1,"reading"
"835",12,101,3,43,1,8215150,8217830,2680,1,1,1,"reading"
"836",12,154,2,44,1,8225174,8228299,3125,2,2,1,"reading"
"837",12,160,2,45,1,8242571,8245180,2609,4,4,1,"reading"
"838",12,92,3,46,1,8259036,8261883,2847,4,4,1,"reading"
"839",12,156,2,47,1,8286762,8291282,4520,4,4,1,"reading"
"840",12,102,3,48,1,8306191,8309483,3292,2,2,1,"reading"
"841",12,91,3,49,1,8334243,8336868,2625,3,3,1,"reading"
"842",12,161,2,50,1,8342960,8346086,3126,1,1,1,"reading"
"843",12,94,3,51,1,8358293,8361218,2925,2,2,1,"reading"
"844",12,162,2,52,1,8365614,8367919,2305,2,2,1,"reading"
"845",12,96,3,53,1,8378795,8380919,2124,4,3,0,"reading"
"846",12,93,3,54,1,8389066,8391869,2803,1,1,1,"reading"
"847",12,99,3,55,1,8399462,8401837,2375,3,3,1,"reading"
"848",12,100,3,56,1,8570538,8573077,2539,4,4,1,"reading"
"849",12,157,2,57,1,8592089,8594510,2421,1,1,1,"reading"
"850",12,97,3,58,1,8614169,8616459,2290,1,1,1,"reading"
"851",12,159,2,59,1,8622576,8625428,2852,3,3,1,"reading"
"852",12,158,2,60,1,8675666,8678446,2780,2,2,1,"reading"
"853",12,125,1,61,1,8693708,8695729,2021,1,1,1,"reading"
"854",12,124,1,62,1,8740128,8742832,2704,4,4,1,"reading"
"855",12,126,1,63,1,8747969,8750364,2395,2,2,1,"reading"
"856",12,128,1,64,1,8756070,8759383,3313,4,4,1,"reading"
"857",12,132,1,65,1,8775718,8778432,2714,4,4,1,"reading"
"858",12,130,1,66,1,8788470,8791332,2862,2,2,1,"reading"
"859",12,123,1,67,1,8796191,8799316,3125,3,3,1,"reading"
"860",12,121,1,68,1,8810160,8812686,2526,1,1,1,"reading"
"861",12,131,1,69,1,8827946,8830651,2705,3,3,1,"reading"
"862",12,122,1,70,1,8839504,8842201,2697,2,2,1,"reading"
"863",12,129,1,71,1,8852044,8854351,2307,1,1,1,"reading"
"864",12,127,1,72,1,8858694,8861551,2857,3,3,1,"reading"
"865",13,7,1,1,1,11009638,11014227,4589,3,3,1,"reading"
"866",13,5,1,2,1,11039064,11041778,2714,1,1,1,"reading"
"867",13,12,1,3,1,11054874,11059761,4887,4,4,1,"reading"
"868",13,6,1,4,1,11073232,11076396,3164,2,2,1,"reading"
"869",13,4,1,5,1,11080576,11083946,3370,4,4,1,"reading"
"870",13,1,1,6,1,11090079,11094362,4283,1,1,1,"reading"
"871",13,3,1,7,1,11099340,11102446,3106,3,3,1,"reading"
"872",13,9,1,8,1,11121895,11124579,2684,1,1,1,"reading"
"873",13,8,1,9,1,11144077,11147648,3571,4,4,1,"reading"
"874",13,10,1,10,1,11159162,11162082,2920,2,2,1,"reading"
"875",13,2,1,11,1,11176629,11180116,3487,2,2,1,"reading"
"876",13,11,1,12,1,11200934,11205899,4965,3,3,1,"reading"
"877",13,31,2,13,1,11214005,11216867,2862,1,1,1,"reading"
"878",13,32,2,14,1,11221766,11226518,4752,2,2,1,"reading"
"879",13,33,2,15,1,11232670,11236351,3681,3,3,1,"reading"
"880",13,41,2,16,1,11276311,11279719,3408,3,3,1,"reading"
"881",13,34,2,17,1,11284643,11287918,3275,4,4,1,"reading"
"882",13,40,2,18,1,11456769,11460062,3293,2,2,1,"reading"
"883",13,39,2,19,1,11475839,11478476,2637,1,1,1,"reading"
"884",13,38,2,20,1,11484221,11487443,3222,4,4,1,"reading"
"885",13,68,3,21,1,11497553,11500310,2757,4,4,1,"reading"
"886",13,64,3,22,1,11519324,11523526,4202,4,4,1,"reading"
"887",13,36,2,23,1,11534478,11536761,2283,2,2,1,"reading"
"888",13,62,3,24,1,11554406,11557910,3504,2,2,1,"reading"
"889",13,65,3,25,1,11582526,11587712,5186,1,1,1,"reading"
"890",13,35,2,26,1,11592803,11596064,3261,1,1,1,"reading"
"891",13,69,3,27,1,11640463,11643330,2867,1,1,1,"reading"
"892",13,63,3,28,1,11648277,11651464,3187,3,3,1,"reading"
"893",13,70,3,29,1,11663310,11666716,3406,2,2,1,"reading"
"894",13,42,2,30,1,11678741,11682400,3659,4,4,1,"reading"
"895",13,37,2,31,1,11688324,11691415,3091,3,3,1,"reading"
"896",13,72,3,32,1,11703160,11705866,2706,4,4,1,"reading"
"897",13,67,3,33,1,11710474,11713934,3460,3,3,1,"reading"
"898",13,71,3,34,1,11729964,11732733,2769,3,3,1,"reading"
"899",13,66,3,35,1,11755144,11758517,3373,2,2,1,"reading"
"900",13,61,3,36,1,11763616,11766101,2485,1,1,1,"reading"
"901",13,97,1,37,1,11994727,11997430,2703,1,1,1,"zString"
"902",13,98,1,38,1,12011386,12013229,1843,2,2,1,"zString"
"903",13,101,1,39,1,12033822,12035897,2075,1,1,1,"zString"
"904",13,96,1,40,1,12050618,12052664,2046,4,3,0,"zString"
"905",13,94,1,41,1,12061605,12063364,1759,2,2,1,"zString"
"906",13,99,1,42,1,12082438,12084382,1944,3,3,1,"zString"
"907",13,92,1,43,1,12096405,12098586,2181,4,4,1,"zString"
"908",13,95,1,44,1,12110872,12112832,1960,3,3,1,"zString"
"909",13,93,1,45,1,12117260,12119873,2613,1,1,1,"zString"
"910",13,100,1,46,1,12152828,12155012,2184,4,4,1,"zString"
"911",13,102,1,47,1,12161144,12163117,1973,2,2,1,"zString"
"912",13,91,1,48,1,12172998,12175135,2137,3,3,1,"zString"
"913",13,121,2,49,1,12179742,12182519,2777,1,1,1,"zString"
"914",13,122,2,50,1,12188149,12190236,2087,2,2,1,"zString"
"915",13,123,2,51,1,12195678,12197435,1757,3,3,1,"zString"
"916",13,130,2,52,1,12230113,12232136,2023,2,2,1,"zString"
"917",13,157,3,53,1,12242661,12244787,2126,1,1,1,"zString"
"918",13,132,2,54,1,12400148,12402393,2245,4,4,1,"zString"
"919",13,128,2,55,1,12449489,12451345,1856,4,4,1,"zString"
"920",13,125,2,56,1,12455786,12457828,2042,1,1,1,"zString"
"921",13,159,3,57,1,12472821,12474729,1908,3,3,1,"zString"
"922",13,155,3,58,1,12480437,12482213,1776,3,3,1,"zString"
"923",13,162,3,59,1,12497057,12499063,2006,2,2,1,"zString"
"924",13,151,3,60,1,12503612,12505430,1818,3,3,1,"zString"
"925",13,131,2,61,1,12510658,12512929,2271,3,3,1,"zString"
"926",13,153,3,62,1,12518543,12520447,1904,1,1,1,"zString"
"927",13,161,3,63,1,12525712,12527497,1785,1,1,1,"zString"
"928",13,152,3,64,1,12533571,12535698,2127,4,4,1,"zString"
"929",13,124,2,65,1,12559674,12561799,2125,4,4,1,"zString"
"930",13,127,2,66,1,12567238,12569365,2127,3,3,1,"zString"
"931",13,126,2,67,1,12574592,12576715,2123,2,2,1,"zString"
"932",13,158,3,68,1,12583062,12584899,1837,2,2,1,"zString"
"933",13,156,3,69,1,12619956,12622284,2328,4,4,1,"zString"
"934",13,129,2,70,1,12641427,12643201,1774,1,1,1,"zString"
"935",13,154,3,71,1,12667342,12669403,2061,2,2,1,"zString"
"936",13,160,3,72,1,12682765,12684685,1920,4,4,1,"zString"
"937",14,67,1,1,1,601891,603981,2090,3,3,1,"zString"
"938",14,71,1,2,1,617328,619350,2022,3,3,1,"zString"
"939",14,72,1,3,1,643692,645518,1826,4,4,1,"zString"
"940",14,65,1,4,1,655496,657833,2337,1,1,1,"zString"
"941",14,64,1,5,1,668880,670717,1837,4,4,1,"zString"
"942",14,69,1,6,1,709597,711335,1738,1,1,1,"zString"
"943",14,66,1,7,1,721296,723335,2039,2,2,1,"zString"
"944",14,70,1,8,1,778467,780338,1871,2,2,1,"zString"
"945",14,68,1,9,1,849790,851856,2066,4,4,1,"zString"
"946",14,63,1,10,1,858972,861006,2034,3,3,1,"zString"
"947",14,61,1,11,1,868393,870325,1932,1,1,1,"zString"
"948",14,62,1,12,1,898860,901158,2298,2,1,0,"zString"
"949",14,1,2,13,1,909309,911025,1716,1,1,1,"zString"
"950",14,2,2,14,1,918364,920092,1728,2,2,1,"zString"
"951",14,3,2,15,1,926562,928277,1715,3,3,1,"zString"
"952",14,40,3,16,1,944009,945810,1801,4,4,1,"zString"
"953",14,6,2,17,1,953327,955061,1734,2,2,1,"zString"
"954",14,11,2,18,1,964077,965928,1851,3,3,1,"zString"
"955",14,41,3,19,1,994780,996846,2066,1,1,1,"zString"
"956",14,37,3,20,1,1231093,1233370,2277,1,1,1,"zString"
"957",14,31,3,21,1,1240993,1242703,1710,3,3,1,"zString"
"958",14,39,3,22,1,1285775,1288390,2615,3,2,0,"zString"
"959",14,8,2,23,1,1298758,1301290,2532,4,4,1,"zString"
"960",14,7,2,24,1,1309027,1310738,1711,3,3,1,"zString"
"961",14,35,3,25,1,1338357,1340072,1715,3,3,1,"zString"
"962",14,36,3,26,1,1377008,1379075,2067,4,4,1,"zString"
"963",14,10,2,27,1,1385311,1387941,2630,2,2,1,"zString"
"964",14,42,3,28,1,1394244,1395974,1730,2,2,1,"zString"
"965",14,33,3,29,1,1403648,1405847,2199,1,1,1,"zString"
"966",14,32,3,30,1,1433447,1435376,1929,4,4,1,"zString"
"967",14,38,3,31,1,1454398,1456326,1928,2,2,1,"zString"
"968",14,4,2,32,1,1469049,1471694,2645,4,4,1,"zString"
"969",14,9,2,33,1,1478619,1480962,2343,1,1,1,"zString"
"970",14,34,3,34,1,1512216,1514545,2329,2,2,1,"zString"
"971",14,12,2,35,1,1532138,1533879,1741,4,4,1,"zString"
"972",14,5,2,36,1,1539867,1541746,1879,1,1,1,"zString"
"973",14,160,1,37,1,1775561,1779105,3544,4,4,1,"reading"
"974",14,159,1,38,1,1830184,1833175,2991,3,3,1,"reading"
"975",14,152,1,39,1,1841214,1843707,2493,4,4,1,"reading"
"976",14,161,1,40,1,1855262,1867676,12414,1,1,1,"reading"
"977",14,157,1,41,1,1878687,1880542,1855,1,1,1,"reading"
"978",14,156,1,42,1,1886746,1889894,3148,4,4,1,"reading"
"979",14,162,1,43,1,1902800,1905660,2860,2,2,1,"reading"
"980",14,155,1,44,1,1936406,1939562,3156,3,3,1,"reading"
"981",14,158,1,45,1,1945715,1948779,3064,2,2,1,"reading"
"982",14,154,1,46,1,1954454,1958179,3725,2,2,1,"reading"
"983",14,151,1,47,1,1970905,1974130,3225,3,3,1,"reading"
"984",14,153,1,48,1,1990016,1992681,2665,1,1,1,"reading"
"985",14,91,2,49,1,2004378,2007197,2819,3,3,1,"reading"
"986",14,92,2,50,1,2012761,2015864,3103,4,4,1,"reading"
"987",14,93,2,51,1,2021031,2023481,2450,1,1,1,"reading"
"988",14,126,3,52,1,2048679,2051682,3003,2,2,1,"reading"
"989",14,99,2,53,1,2246237,2249405,3168,3,3,1,"reading"
"990",14,125,3,54,1,2277420,2279565,2145,1,1,1,"reading"
"991",14,122,3,55,1,2292449,2295040,2591,2,2,1,"reading"
"992",14,100,2,56,1,2306649,2308991,2342,4,4,1,"reading"
"993",14,124,3,57,1,2321140,2323474,2334,4,4,1,"reading"
"994",14,94,2,58,1,2336641,2340408,3767,2,2,1,"reading"
"995",14,129,3,59,1,2372537,2374359,1822,1,1,1,"reading"
"996",14,121,3,60,1,2390040,2391959,1919,1,1,1,"reading"
"997",14,127,3,61,1,2397686,2400810,3124,3,3,1,"reading"
"998",14,130,3,62,1,2406895,2408810,1915,2,2,1,"reading"
"999",14,102,2,63,1,2424475,2428427,3952,2,2,1,"reading"
"1000",14,97,2,64,1,2433396,2435494,2098,1,1,1,"reading"
"1001",14,132,3,65,1,2446754,2449461,2707,4,4,1,"reading"
"1002",14,101,2,66,1,2466945,2469413,2468,1,1,1,"reading"
"1003",14,131,3,67,1,2474541,2477062,2521,3,3,1,"reading"
"1004",14,98,2,68,1,2487423,2489714,2291,2,2,1,"reading"
"1005",14,96,2,69,1,2494537,2496813,2276,4,4,1,"reading"
"1006",14,95,2,70,1,2506368,2508813,2445,3,3,1,"reading"
"1007",14,123,3,71,1,2535225,2538982,3757,3,3,1,"reading"
"1008",14,128,3,72,1,2564559,2567732,3173,4,4,1,"reading"
"1009",15,61,2,1,1,4637691,4639999,2308,1,1,1,"reading"
"1010",15,62,2,2,1,4645511,4647468,1957,2,2,1,"reading"
"1011",15,63,2,3,1,4653044,4655635,2591,3,3,1,"reading"
"1012",15,67,2,4,1,4662398,4665016,2618,3,3,1,"reading"
"1013",15,65,2,5,1,4670926,4674083,3157,1,1,1,"reading"
"1014",15,64,2,6,1,4680212,4683919,3707,4,4,1,"reading"
"1015",15,6,3,7,1,4708381,4710603,2222,2,2,1,"reading"
"1016",15,7,3,8,1,4751954,4756503,4549,3,3,1,"reading"
"1017",15,71,2,9,1,4762551,4765504,2953,3,3,1,"reading"
"1018",15,12,3,10,1,4800303,4803037,2734,4,4,1,"reading"
"1019",15,70,2,11,1,4826937,4830071,3134,2,2,1,"reading"
"1020",15,3,3,12,1,4835955,4838873,2918,3,3,1,"reading"
"1021",15,9,3,13,1,4858042,4860707,2665,1,1,1,"reading"
"1022",15,68,2,14,1,4886779,4889976,3197,4,4,1,"reading"
"1023",15,72,2,15,1,4900642,4903508,2866,4,4,1,"reading"
"1024",15,2,3,16,1,4923164,4926009,2845,2,2,1,"reading"
"1025",15,69,2,17,1,5077731,5080231,2500,1,1,1,"reading"
"1026",15,66,2,18,1,5086803,5089598,2795,2,2,1,"reading"
"1027",15,4,3,19,1,5102918,5105965,3047,4,4,1,"reading"
"1028",15,11,3,20,1,5120168,5123066,2898,3,3,1,"reading"
"1029",15,5,3,21,1,5139735,5142450,2715,1,1,1,"reading"
"1030",15,8,3,22,1,5149336,5152382,3046,4,4,1,"reading"
"1031",15,10,3,23,1,5170020,5172584,2564,2,2,1,"reading"
"1032",15,1,3,24,1,5205441,5208834,3393,1,1,1,"reading"
"1033",15,35,1,25,1,5229427,5232585,3158,1,1,1,"reading"
"1034",15,36,1,26,1,5277910,5280454,2544,2,2,1,"reading"
"1035",15,40,1,27,1,5296294,5299121,2827,2,2,1,"reading"
"1036",15,33,1,28,1,5305442,5308121,2679,3,3,1,"reading"
"1037",15,37,1,29,1,5319711,5324990,5279,3,3,1,"reading"
"1038",15,41,1,30,1,5331428,5334106,2678,3,3,1,"reading"
"1039",15,31,1,31,1,5354727,5357473,2746,1,1,1,"reading"
"1040",15,38,1,32,1,5376761,5381308,4547,4,4,1,"reading"
"1041",15,32,1,33,1,5386884,5390241,3357,2,2,1,"reading"
"1042",15,39,1,34,1,5413815,5416576,2761,1,1,1,"reading"
"1043",15,34,1,35,1,5431363,5434742,3379,4,4,1,"reading"
"1044",15,42,1,36,1,5450764,5456610,5846,4,4,1,"reading"
"1045",15,151,2,37,1,5568707,5570631,1924,3,3,1,"zString"
"1046",15,152,2,38,1,5583956,5585930,1974,4,4,1,"zString"
"1047",15,153,2,39,1,5600004,5601981,1977,1,1,1,"zString"
"1048",15,97,3,40,1,5613090,5615000,1910,1,1,1,"zString"
"1049",15,101,3,41,1,5653774,5655650,1876,1,1,1,"zString"
"1050",15,157,2,42,1,5672896,5674667,1771,1,1,1,"zString"
"1051",15,98,3,43,1,5685747,5687601,1854,2,2,1,"zString"
"1052",15,160,2,44,1,5723730,5726003,2273,4,3,0,"zString"
"1053",15,161,2,45,1,5757820,5759637,1817,1,1,1,"zString"
"1054",15,156,2,46,1,5769483,5771571,2088,4,4,1,"zString"
"1055",15,91,3,47,1,5861855,5864015,2160,3,3,1,"zString"
"1056",15,99,3,48,1,5893918,5896076,2158,3,3,1,"zString"
"1057",15,154,2,49,1,5938739,5940527,1788,2,2,1,"zString"
"1058",15,100,3,50,1,5957156,5959211,2055,4,3,0,"zString"
"1059",15,158,2,51,1,6001393,6003412,2019,2,2,1,"zString"
"1060",15,102,3,52,1,6053844,6056022,2178,2,2,1,"zString"
"1061",15,94,3,53,1,6066508,6068726,2218,2,2,1,"zString"
"1062",15,95,3,54,1,6086530,6088582,2052,3,3,1,"zString"
"1063",15,96,3,55,1,6171939,6173920,1981,4,4,1,"zString"
"1064",15,162,2,56,1,6211467,6214337,2870,2,2,1,"zString"
"1065",15,92,3,57,1,6222857,6225088,2231,4,4,1,"zString"
"1066",15,159,2,58,1,6282716,6285156,2440,3,3,1,"zString"
"1067",15,93,3,59,1,6321098,6323508,2410,1,1,1,"zString"
"1068",15,155,2,60,1,6395039,6397227,2188,3,3,1,"zString"
"1069",15,128,1,61,1,6479588,6481663,2075,4,4,1,"zString"
"1070",15,129,1,62,1,6530741,6533182,2441,1,1,1,"zString"
"1071",15,121,1,63,1,6550056,6551865,1809,1,1,1,"zString"
"1072",15,122,1,64,1,6575295,6577100,1805,2,2,1,"zString"
"1073",15,127,1,65,1,6598230,6600283,2053,3,3,1,"zString"
"1074",15,130,1,66,1,6609185,6611767,2582,2,2,1,"zString"
"1075",15,131,1,67,1,6642085,6644635,2550,3,3,1,"zString"
"1076",15,126,1,68,1,6671334,6673369,2035,2,2,1,"zString"
"1077",15,124,1,69,1,6694423,6696654,2231,4,4,1,"zString"
"1078",15,132,1,70,1,6715967,6718038,2071,4,4,1,"zString"
"1079",15,125,1,71,1,6770799,6774658,3859,1,1,1,"zString"
"1080",15,123,1,72,1,6791184,6793590,2406,3,3,1,"zString"
"1081",16,31,2,1,1,7799941,7802293,2352,3,3,1,"zString"
"1082",16,32,2,2,1,7807876,7810261,2385,4,4,1,"zString"
"1083",16,33,2,3,1,7815779,7817495,1716,1,1,1,"zString"
"1084",16,66,3,4,1,7827589,7829410,1821,2,2,1,"zString"
"1085",16,64,3,5,1,7856729,7858728,1999,4,4,1,"zString"
"1086",16,70,3,6,1,7879128,7882013,2885,2,2,1,"zString"
"1087",16,39,2,7,1,7896597,7898613,2016,3,3,1,"zString"
"1088",16,72,3,8,1,7919980,7921748,1768,4,4,1,"zString"
"1089",16,38,2,9,1,7956418,7958764,2346,2,2,1,"zString"
"1090",16,62,3,10,1,7965304,7967587,2283,2,2,1,"zString"
"1091",16,71,3,11,1,7986436,7988499,2063,3,3,1,"zString"
"1092",16,67,3,12,1,7997689,7999417,1728,3,3,1,"zString"
"1093",16,35,2,13,1,8004454,8006383,1929,3,3,1,"zString"
"1094",16,37,2,14,1,8020776,8023801,3025,1,1,1,"zString"
"1095",16,68,3,15,1,8082841,8086021,3180,4,4,1,"zString"
"1096",16,65,3,16,1,8090713,8092932,2219,1,1,1,"zString"
"1097",16,63,3,17,1,8098015,8102873,4858,3,3,1,"zString"
"1098",16,36,2,18,1,8113119,8114840,1721,4,4,1,"zString"
"1099",16,40,2,19,1,8134338,8136472,2134,4,4,1,"zString"
"1100",16,34,2,20,1,8150521,8152556,2035,2,2,1,"zString"
"1101",16,42,2,21,1,8156675,8158507,1832,2,2,1,"zString"
"1102",16,69,3,22,1,8162243,8164707,2464,1,1,1,"zString"
"1103",16,41,2,23,1,8168951,8171308,2357,1,1,1,"zString"
"1104",16,61,3,24,1,8185384,8187585,2201,1,1,1,"zString"
"1105",16,4,1,25,1,8201505,8203726,2221,4,4,1,"zString"
"1106",16,11,1,26,1,8208605,8210626,2021,3,3,1,"zString"
"1107",16,7,1,27,1,8214717,8216459,1742,3,3,1,"zString"
"1108",16,5,1,28,1,8232297,8234463,2166,1,1,1,"zString"
"1109",16,12,1,29,1,8243607,8245743,2136,4,4,1,"zString"
"1110",16,1,1,30,1,8250053,8252444,2391,1,1,1,"zString"
"1111",16,8,1,31,1,8261339,8263444,2105,4,4,1,"zString"
"1112",16,9,1,32,1,8289219,8291178,1959,1,1,1,"zString"
"1113",16,2,1,33,1,8299120,8301096,1976,2,2,1,"zString"
"1114",16,6,1,34,1,8304870,8306811,1941,2,2,1,"zString"
"1115",16,10,1,35,1,8315323,8317213,1890,2,2,1,"zString"
"1116",16,3,1,36,1,8338590,8340897,2307,3,3,1,"zString"
"1117",16,121,2,37,1,8463679,8466751,3072,1,1,1,"reading"
"1118",16,122,2,38,1,8472316,8475650,3334,2,2,1,"reading"
"1119",16,123,2,39,1,8481986,8485434,3448,3,3,1,"reading"
"1120",16,161,3,40,1,8499735,8508168,8433,1,1,1,"reading"
"1121",16,156,3,41,1,8521785,8526287,4502,4,4,1,"reading"
"1122",16,132,2,42,1,8550603,8554486,3883,4,4,1,"reading"
"1123",16,152,3,43,1,8572639,8575972,3333,4,4,1,"reading"
"1124",16,155,3,44,1,8594728,8598473,3745,3,3,1,"reading"
"1125",16,158,3,45,1,8625640,8630057,4417,2,2,1,"reading"
"1126",16,153,3,46,1,8642306,8645624,3318,1,1,1,"reading"
"1127",16,125,2,47,1,8664262,8667191,2929,1,1,1,"reading"
"1128",16,157,3,48,1,8674198,8676893,2695,1,1,1,"reading"
"1129",16,151,3,49,1,8683994,8688325,4331,3,3,1,"reading"
"1130",16,160,3,50,1,8700838,8704943,4105,4,4,1,"reading"
"1131",16,128,2,51,1,8716844,8720160,3316,4,4,1,"reading"
"1132",16,130,2,52,1,8745191,8748911,3720,2,2,1,"reading"
"1133",16,127,2,53,1,8755022,8758145,3123,3,3,1,"reading"
"1134",16,124,2,54,1,8807023,8810097,3074,4,4,1,"reading"
"1135",16,154,3,55,1,8816043,8819297,3254,2,2,1,"reading"
"1136",16,126,2,56,1,8835396,8839349,3953,2,2,1,"reading"
"1137",16,159,3,57,1,8846313,8851299,4986,3,3,1,"reading"
"1138",16,131,2,58,1,8857062,8860633,3571,3,3,1,"reading"
"1139",16,129,2,59,1,8879568,8883284,3716,1,1,1,"reading"
"1140",16,162,3,60,1,8908379,8911617,3238,2,2,1,"reading"
"1141",16,99,1,61,1,8969900,8973070,3170,3,3,1,"reading"
"1142",16,100,1,62,1,8993305,8996754,3449,4,4,1,"reading"
"1143",16,95,1,63,1,9002149,9005871,3722,3,3,1,"reading"
"1144",16,92,1,64,1,9024551,9027871,3320,4,4,1,"reading"
"1145",16,94,1,65,1,9033368,9036955,3587,2,2,1,"reading"
"1146",16,101,1,66,1,9048254,9051872,3618,1,1,1,"reading"
"1147",16,98,1,67,1,9063786,9067072,3286,2,2,1,"reading"
"1148",16,93,1,68,1,9072740,9075957,3217,1,1,1,"reading"
"1149",16,97,1,69,1,9097502,9099741,2239,1,1,1,"reading"
"1150",16,96,1,70,1,9115999,9119141,3142,4,4,1,"reading"
"1151",16,102,1,71,1,9124122,9127941,3819,2,2,1,"reading"
"1152",16,91,1,72,1,9145359,9149291,3932,3,3,1,"reading"
"1153",17,67,1,1,1,1447188,1451597,4409,3,3,1,"reading"
"1154",17,65,1,2,1,1471730,1475150,3420,1,1,1,"reading"
"1155",17,64,1,3,1,1502511,1506499,3988,4,4,1,"reading"
"1156",17,71,1,4,1,1515225,1518066,2841,3,3,1,"reading"
"1157",17,63,1,5,1,1582914,1586401,3487,3,3,1,"reading"
"1158",17,62,1,6,1,1602766,1605537,2771,2,2,1,"reading"
"1159",17,61,1,7,1,1680470,1683587,3117,1,1,1,"reading"
"1160",17,68,1,8,1,1722024,1725322,3298,4,4,1,"reading"
"1161",17,72,1,9,1,1763930,1766827,2897,4,4,1,"reading"
"1162",17,70,1,10,1,1835711,1840160,4449,2,2,1,"reading"
"1163",17,69,1,11,1,1864335,1867079,2744,1,1,1,"reading"
"1164",17,66,1,12,1,1919316,1922247,2931,2,2,1,"reading"
"1165",17,1,2,13,1,1947266,1949332,2066,1,1,1,"reading"
"1166",17,2,2,14,1,1962452,1965682,3230,2,2,1,"reading"
"1167",17,3,2,15,1,1971122,1973815,2693,3,3,1,"reading"
"1168",17,37,3,16,1,2018841,2021701,2860,3,3,1,"reading"
"1169",17,34,3,17,1,2038473,2041783,3310,4,4,1,"reading"
"1170",17,32,3,18,1,2047677,2050533,2856,2,2,1,"reading"
"1171",17,35,3,19,1,2249197,2251458,2261,1,1,1,"reading"
"1172",17,41,3,20,1,2282594,2285093,2499,3,3,1,"reading"
"1173",17,9,2,21,1,2292762,2295410,2648,1,1,1,"reading"
"1174",17,12,2,22,1,2303213,2306410,3197,4,4,1,"reading"
"1175",17,40,3,23,1,2314351,2316811,2460,2,2,1,"reading"
"1176",17,8,2,24,1,2350095,2352895,2800,4,4,1,"reading"
"1177",17,7,2,25,1,2358849,2362729,3880,3,3,1,"reading"
"1178",17,31,3,26,1,2372002,2375097,3095,1,1,1,"reading"
"1179",17,5,2,27,1,2386100,2388254,2154,1,1,1,"reading"
"1180",17,42,3,28,1,2394300,2397146,2846,4,4,1,"reading"
"1181",17,33,3,29,1,2448287,2451548,3261,3,3,1,"reading"
"1182",17,10,2,30,1,2456188,2458465,2277,2,2,1,"reading"
"1183",17,11,2,31,1,2477304,2480267,2963,3,3,1,"reading"
"1184",17,39,3,32,1,2501909,2504418,2509,1,1,1,"reading"
"1185",17,36,3,33,1,2554192,2556720,2528,2,2,1,"reading"
"1186",17,38,3,34,1,2568606,2571286,2680,4,4,1,"reading"
"1187",17,4,2,35,1,2599176,2602236,3060,4,4,1,"reading"
"1188",17,6,2,36,1,2607077,2609338,2261,2,2,1,"reading"
"1189",17,154,1,37,1,2733934,2736150,2216,2,2,1,"zString"
"1190",17,153,1,38,1,2761250,2763159,1909,1,1,1,"zString"
"1191",17,160,1,39,1,2821975,2824156,2181,4,4,1,"zString"
"1192",17,159,1,40,1,2837900,2839611,1711,3,3,1,"zString"
"1193",17,151,1,41,1,2868751,2871179,2428,3,3,1,"zString"
"1194",17,158,1,42,1,2878535,2880562,2027,2,2,1,"zString"
"1195",17,161,1,43,1,2887195,2889360,2165,1,1,1,"zString"
"1196",17,157,1,44,1,2921608,2924000,2392,1,1,1,"zString"
"1197",17,152,1,45,1,2932307,2934381,2074,4,4,1,"zString"
"1198",17,156,1,46,1,2943694,2945547,1853,4,4,1,"zString"
"1199",17,155,1,47,1,2953296,2955383,2087,3,3,1,"zString"
"1200",17,162,1,48,1,2973244,2975348,2104,2,2,1,"zString"
"1201",17,91,2,49,1,2982396,2984116,1720,3,3,1,"zString"
"1202",17,92,2,50,1,2991259,2993049,1790,4,4,1,"zString"
"1203",17,93,2,51,1,3000446,3002518,2072,1,1,1,"zString"
"1204",17,98,2,52,1,3008101,3010400,2299,2,2,1,"zString"
"1205",17,122,3,53,1,3024981,3027335,2354,2,2,1,"zString"
"1206",17,100,2,54,1,3097754,3099838,2084,4,4,1,"zString"
"1207",17,101,2,55,1,3115968,3118039,2071,1,1,1,"zString"
"1208",17,129,3,56,1,3126709,3128673,1964,1,1,1,"zString"
"1209",17,130,3,57,1,3136168,3138156,1988,2,2,1,"zString"
"1210",17,128,3,58,1,3156422,3158257,1835,4,4,1,"zString"
"1211",17,123,3,59,1,3171391,3173324,1933,3,3,1,"zString"
"1212",17,97,2,60,1,3197119,3199092,1973,1,1,1,"zString"
"1213",17,127,3,61,1,3205324,3207308,1984,3,3,1,"zString"
"1214",17,124,3,62,1,3245861,3247610,1749,4,4,1,"zString"
"1215",17,125,3,63,1,3254678,3256411,1733,1,1,1,"zString"
"1216",17,132,3,64,1,3273177,3275595,2418,4,4,1,"zString"
"1217",17,131,3,65,1,3290920,3293044,2124,3,3,1,"zString"
"1218",17,95,2,66,1,3319835,3321545,1710,3,3,1,"zString"
"1219",17,99,2,67,1,3328661,3330379,1718,3,3,1,"zString"
"1220",17,121,3,68,1,3342610,3345030,2420,1,1,1,"zString"
"1221",17,102,2,69,1,3360429,3362397,1968,2,2,1,"zString"
"1222",17,96,2,70,1,3369578,3371330,1752,4,4,1,"zString"
"1223",17,94,2,71,1,3392131,3394032,1901,2,2,1,"zString"
"1224",17,126,3,72,1,3400030,3402882,2852,2,2,1,"zString"
"1225",18,36,1,1,1,4347858,4349578,1720,4,4,1,"zString"
"1226",18,41,1,2,1,4356730,4358479,1749,1,1,1,"zString"
"1227",18,32,1,3,1,4365665,4367377,1712,4,4,1,"zString"
"1228",18,33,1,4,1,4397376,4399630,2254,1,1,1,"zString"
"1229",18,35,1,5,1,4442630,4444381,1751,3,3,1,"zString"
"1230",18,40,1,6,1,4456669,4459197,2528,4,3,0,"zString"
"1231",18,34,1,7,1,4465247,4467097,1850,2,2,1,"zString"
"1232",18,39,1,8,1,4473802,4476682,2880,3,2,0,"zString"
"1233",18,37,1,9,1,4490217,4492082,1865,1,1,1,"zString"
"1234",18,42,1,10,1,4512838,4514550,1712,2,2,1,"zString"
"1235",18,31,1,11,1,4535171,4537183,2012,3,3,1,"zString"
"1236",18,38,1,12,1,4557908,4559868,1960,2,2,1,"zString"
"1237",18,61,2,13,1,4583221,4585285,2064,1,1,1,"zString"
"1238",18,62,2,14,1,4591857,4593601,1744,2,2,1,"zString"
"1239",18,63,2,15,1,4601758,4603469,1711,3,3,1,"zString"
"1240",18,4,3,16,1,4609795,4611503,1708,4,4,1,"zString"
"1241",18,12,3,17,1,4628008,4630337,2329,4,4,1,"zString"
"1242",18,70,2,18,1,4636244,4638136,1892,2,2,1,"zString"
"1243",18,6,3,19,1,4647723,4649438,1715,2,1,0,"zString"
"1244",18,65,2,20,1,4802280,4806743,4463,1,1,1,"zString"
"1245",18,71,2,21,1,4832530,4834511,1981,3,3,1,"zString"
"1246",18,10,3,22,1,4845682,4847393,1711,2,2,1,"zString"
"1247",18,72,2,23,1,4868856,4870578,1722,4,3,0,"zString"
"1248",18,9,3,24,1,4898385,4900412,2027,1,1,1,"zString"
"1249",18,8,3,25,1,4908316,4910062,1746,4,4,1,"zString"
"1250",18,64,2,26,1,4916765,4918596,1831,4,4,1,"zString"
"1251",18,68,2,27,1,4939868,4941580,1712,4,3,0,"zString"
"1252",18,66,2,28,1,4947640,4950998,3358,2,2,1,"zString"
"1253",18,1,3,29,1,4963300,4965131,1831,1,1,1,"zString"
"1254",18,2,3,30,1,4993337,4995316,1979,2,2,1,"zString"
"1255",18,7,3,31,1,5014706,5016416,1710,3,3,1,"zString"
"1256",18,11,3,32,1,5028389,5030099,1710,3,3,1,"zString"
"1257",18,5,3,33,1,5048894,5050850,1956,1,1,1,"zString"
"1258",18,3,3,34,1,5057141,5059118,1977,3,3,1,"zString"
"1259",18,69,2,35,1,5088193,5090769,2576,1,1,1,"zString"
"1260",18,67,2,36,1,5114978,5116687,1709,3,2,0,"zString"
"1261",18,123,1,37,1,5282837,5286809,3972,3,3,1,"reading"
"1262",18,121,1,38,1,5300198,5303109,2911,1,1,1,"reading"
"1263",18,132,1,39,1,5322069,5326760,4691,4,4,1,"reading"
"1264",18,126,1,40,1,5347109,5349943,2834,2,2,1,"reading"
"1265",18,131,1,41,1,5355424,5357844,2420,3,3,1,"reading"
"1266",18,129,1,42,1,5380824,5383762,2938,1,1,1,"reading"
"1267",18,124,1,43,1,5401791,5405562,3771,4,4,1,"reading"
"1268",18,127,1,44,1,5410945,5413947,3002,3,3,1,"reading"
"1269",18,130,1,45,1,5421194,5423513,2319,2,2,1,"reading"
"1270",18,128,1,46,1,5442043,5444930,2887,4,4,1,"reading"
"1271",18,125,1,47,1,5454424,5456531,2107,1,1,1,"reading"
"1272",18,122,1,48,1,5462513,5466147,3634,2,2,1,"reading"
"1273",18,151,2,49,1,5476677,5481832,5155,3,3,1,"reading"
"1274",18,152,2,50,1,5488928,5491681,2753,4,4,1,"reading"
"1275",18,153,2,51,1,5497932,5500383,2451,1,1,1,"reading"
"1276",18,94,3,52,1,5511442,5514616,3174,2,2,1,"reading"
"1277",18,95,3,53,1,5545050,5547533,2483,3,3,1,"reading"
"1278",18,91,3,54,1,5733043,5739175,6132,3,3,1,"reading"
"1279",18,162,2,55,1,5748924,5751240,2316,2,2,1,"reading"
"1280",18,157,2,56,1,5761445,5764975,3530,1,1,1,"reading"
"1281",18,154,2,57,1,5800511,5803392,2881,2,2,1,"reading"
"1282",18,160,2,58,1,5812090,5815759,3669,4,4,1,"reading"
"1283",18,159,2,59,1,5822339,5826743,4404,3,3,1,"reading"
"1284",18,156,2,60,1,5864039,5866894,2855,4,4,1,"reading"
"1285",18,99,3,61,1,5886476,5888929,2453,3,3,1,"reading"
"1286",18,100,3,62,1,5899204,5901795,2591,4,4,1,"reading"
"1287",18,158,2,63,1,5907958,5911596,3638,2,2,1,"reading"
"1288",18,93,3,64,1,5916572,5919565,2993,1,1,1,"reading"
"1289",18,98,3,65,1,5924929,5928180,3251,2,2,1,"reading"
"1290",18,155,2,66,1,5942786,5947248,4462,3,3,1,"reading"
"1291",18,161,2,67,1,5953583,5958464,4881,1,1,1,"reading"
"1292",18,92,3,68,1,5970412,5973349,2937,4,4,1,"reading"
"1293",18,96,3,69,1,5983078,5986165,3087,4,4,1,"reading"
"1294",18,101,3,70,1,5991661,5996848,5187,1,1,1,"reading"
"1295",18,102,3,71,1,6033299,6036517,3218,2,2,1,"reading"
"1296",18,97,3,72,1,6046082,6048417,2335,1,1,1,"reading"
"1297",19,31,2,1,1,7642874,7651223,8349,1,4,0,"reading"
"1298",19,32,2,2,1,7660077,7662541,2464,2,2,1,"reading"
"1299",19,33,2,3,1,7669425,7672823,3398,3,3,1,"reading"
"1300",19,66,3,4,1,7686826,7689574,2748,2,2,1,"reading"
"1301",19,68,3,5,1,7697341,7700240,2899,4,4,1,"reading"
"1302",19,36,2,6,1,7707126,7709958,2832,2,2,1,"reading"
"1303",19,37,2,7,1,7731010,7734208,3198,3,3,1,"reading"
"1304",19,39,2,8,1,7744025,7747443,3418,1,1,1,"reading"
"1305",19,62,3,9,1,7753425,7756160,2735,2,2,1,"reading"
"1306",19,42,2,10,1,7784082,7787359,3277,4,4,1,"reading"
"1307",19,63,3,11,1,7794845,7798410,3565,3,3,1,"reading"
"1308",19,40,2,12,1,7805831,7808927,3096,2,2,1,"reading"
"1309",19,69,3,13,1,7845467,7848244,2777,1,1,1,"reading"
"1310",19,41,2,14,1,7855352,7858279,2927,3,3,1,"reading"
"1311",19,71,3,15,1,7887187,7890364,3177,3,3,1,"reading"
"1312",19,34,2,16,1,7895990,7899697,3707,4,4,1,"reading"
"1313",19,38,2,17,1,7906802,7909433,2631,4,4,1,"reading"
"1314",19,70,3,18,1,7915538,7918331,2793,2,2,1,"reading"
"1315",19,67,3,19,1,7946651,7950165,3514,3,3,1,"reading"
"1316",19,64,3,20,1,8186848,8190424,3576,4,4,1,"reading"
"1317",19,65,3,21,1,8203821,8208175,4354,1,1,1,"reading"
"1318",19,61,3,22,1,8233546,8238493,4947,1,2,0,"reading"
"1319",19,35,2,23,1,8243268,8246961,3693,1,1,1,"reading"
"1320",19,72,3,24,1,8262320,8265845,3525,4,4,1,"reading"
"1321",19,3,1,25,1,8276220,8278712,2492,3,3,1,"reading"
"1322",19,1,1,26,1,8283852,8286912,3060,1,1,1,"reading"
"1323",19,5,1,27,1,8303687,8306445,2758,1,1,1,"reading"
"1324",19,7,1,28,1,8311822,8315163,3341,3,3,1,"reading"
"1325",19,11,1,29,1,8339837,8342713,2876,3,3,1,"reading"
"1326",19,6,1,30,1,8352954,8356580,3626,2,2,1,"reading"
"1327",19,4,1,31,1,8373905,8376647,2742,4,4,1,"reading"
"1328",19,12,1,32,1,8381806,8384198,2392,4,4,1,"reading"
"1329",19,2,1,33,1,8390089,8392932,2843,2,2,1,"reading"
"1330",19,10,1,34,1,8414560,8416915,2355,2,2,1,"reading"
"1331",19,8,1,35,1,8447429,8450183,2754,4,4,1,"reading"
"1332",19,9,1,36,1,8468676,8470867,2191,1,1,1,"reading"
"1333",19,121,2,37,1,8568967,8570739,1772,1,1,1,"zString"
"1334",19,122,2,38,1,8579167,8581155,1988,2,2,1,"zString"
"1335",19,123,2,39,1,8588254,8589989,1735,3,3,1,"zString"
"1336",19,154,3,40,1,8646470,8648441,1971,2,2,1,"zString"
"1337",19,124,2,41,1,8659360,8661257,1897,4,4,1,"zString"
"1338",19,153,3,42,1,8676791,8679014,2223,1,1,1,"zString"
"1339",19,151,3,43,1,8686312,8688293,1981,3,3,1,"zString"
"1340",19,162,3,44,1,8699365,8701142,1777,2,2,1,"zString"
"1341",19,132,2,45,1,8707278,8709043,1765,4,4,1,"zString"
"1342",19,125,2,46,1,8728728,8730460,1732,1,1,1,"zString"
"1343",19,131,2,47,1,8737962,8739776,1814,3,3,1,"zString"
"1344",19,129,2,48,1,8752941,8754777,1836,1,1,1,"zString"
"1345",19,158,3,49,1,8760507,8762562,2055,2,2,1,"zString"
"1346",19,159,3,50,1,8769691,8771411,1720,3,3,1,"zString"
"1347",19,161,3,51,1,8777330,8779112,1782,1,1,1,"zString"
"1348",19,128,2,52,1,8802303,8804612,2309,4,4,1,"zString"
"1349",19,157,3,53,1,8812418,8814312,1894,1,1,1,"zString"
"1350",19,127,2,54,1,8849296,8851481,2185,3,3,1,"zString"
"1351",19,156,3,55,1,8865064,8866932,1868,4,4,1,"zString"
"1352",19,155,3,56,1,9050419,9053454,3035,3,3,1,"zString"
"1353",19,130,2,57,1,9077242,9079555,2313,2,2,1,"zString"
"1354",19,152,3,58,1,9090100,9091855,1755,4,4,1,"zString"
"1355",19,126,2,59,1,9126563,9128590,2027,2,2,1,"zString"
"1356",19,160,3,60,1,9141020,9142807,1787,4,4,1,"zString"
"1357",19,96,1,61,1,9174873,9176808,1935,4,4,1,"zString"
"1358",19,102,1,62,1,9193925,9196226,2301,2,2,1,"zString"
"1359",19,93,1,63,1,9202343,9204160,1817,1,1,1,"zString"
"1360",19,94,1,64,1,9219359,9221077,1718,2,2,1,"zString"
"1361",19,92,1,65,1,9235728,9237526,1798,4,4,1,"zString"
"1362",19,91,1,66,1,9245931,9247644,1713,3,3,1,"zString"
"1363",19,98,1,67,1,9253261,9255378,2117,2,2,1,"zString"
"1364",19,95,1,68,1,9266073,9267877,1804,3,3,1,"zString"
"1365",19,100,1,69,1,9274746,9276862,2116,4,4,1,"zString"
"1366",19,97,1,70,1,9317598,9319777,2179,1,1,1,"zString"
"1367",19,101,1,71,1,9359131,9360915,1784,1,1,1,"zString"
"1368",19,99,1,72,1,9367918,9369832,1914,3,3,1,"zString"
"1369",20,1,2,1,1,12490302,12492421,2119,1,1,1,"zString"
"1370",20,2,2,2,1,12497753,12499673,1920,2,2,1,"zString"
"1371",20,3,2,3,1,12505467,12507471,2004,3,3,1,"zString"
"1372",20,40,3,4,1,12522200,12524572,2372,4,4,1,"zString"
"1373",20,7,2,5,1,12549370,12551709,2339,3,3,1,"zString"
"1374",20,35,3,6,1,12570175,12572774,2599,3,3,1,"zString"
"1375",20,6,2,7,1,12598277,12601073,2796,2,2,1,"zString"
"1376",20,41,3,8,1,12654095,12656893,2798,1,1,1,"zString"
"1377",20,37,3,9,1,12702833,12704927,2094,1,1,1,"zString"
"1378",20,8,2,10,1,12714034,12716346,2312,4,4,1,"zString"
"1379",20,31,3,11,1,12724852,12726879,2027,3,3,1,"zString"
"1380",20,12,2,12,1,12734800,12736697,1897,4,4,1,"zString"
"1381",20,32,3,13,1,12750135,12752429,2294,4,4,1,"zString"
"1382",20,10,2,14,1,12757422,12759480,2058,2,2,1,"zString"
"1383",20,39,3,15,1,12765164,12767397,2233,3,3,1,"zString"
"1384",20,34,3,16,1,12938692,12941620,2928,2,2,1,"zString"
"1385",20,36,3,17,1,12968011,12969954,1943,4,4,1,"zString"
"1386",20,38,3,18,1,12975811,12977820,2009,2,2,1,"zString"
"1387",20,33,3,19,1,12997432,12999471,2039,1,1,1,"zString"
"1388",20,11,2,20,1,13004982,13007005,2023,3,3,1,"zString"
"1389",20,9,2,21,1,13033113,13035239,2126,1,1,1,"zString"
"1390",20,5,2,22,1,13042014,13043888,1874,1,1,1,"zString"
"1391",20,42,3,23,1,13064584,13066767,2183,2,2,1,"zString"
"1392",20,4,2,24,1,13076432,13078595,2163,4,4,1,"zString"
"1393",20,66,1,25,1,13094048,13096758,2710,2,2,1,"zString"
"1394",20,64,1,26,1,13102666,13104458,1792,4,4,1,"zString"
"1395",20,69,1,27,1,13123185,13125510,2325,1,1,1,"zString"
"1396",20,61,1,28,1,13135199,13137258,2059,1,1,1,"zString"
"1397",20,72,1,29,1,13142649,13144576,1927,4,4,1,"zString"
"1398",20,68,1,30,1,13156203,13157926,1723,4,4,1,"zString"
"1399",20,63,1,31,1,13165682,13168326,2644,3,3,1,"zString"
"1400",20,67,1,32,1,13185707,13187460,1753,3,3,1,"zString"
"1401",20,70,1,33,1,13192605,13194310,1705,2,2,1,"zString"
"1402",20,62,1,34,1,13210757,13212478,1721,2,2,1,"zString"
"1403",20,71,1,35,1,13274092,13276214,2122,3,3,1,"zString"
"1404",20,65,1,36,1,13293025,13295298,2273,1,1,1,"zString"
"1405",20,91,2,37,1,13587037,13591177,4140,3,3,1,"reading"
"1406",20,92,2,38,1,13602987,13606162,3175,4,4,1,"reading"
"1407",20,93,2,39,1,13614682,13618096,3414,1,1,1,"reading"
"1408",20,98,2,40,1,13706779,13712898,6119,2,2,1,"reading"
"1409",20,95,2,41,1,13751799,13755916,4117,3,3,1,"reading"
"1410",20,121,3,42,1,13779882,13786317,6435,1,2,0,"reading"
"1411",20,125,3,43,1,13797263,13799650,2387,1,1,1,"reading"
"1412",20,94,2,44,1,13830614,13834168,3554,2,2,1,"reading"
"1413",20,101,2,45,1,13896834,13900421,3587,1,1,1,"reading"
"1414",20,96,2,46,1,13917245,13919937,2692,4,4,1,"reading"
"1415",20,128,3,47,1,13935339,13938823,3484,4,4,1,"reading"
"1416",20,127,3,48,1,13970609,13975190,4581,3,3,1,"reading"
"1417",20,100,2,49,1,14005115,14008607,3492,4,4,1,"reading"
"1418",20,97,2,50,1,14038869,14041408,2539,1,1,1,"reading"
"1419",20,130,3,51,1,14059409,14063695,4286,2,2,1,"reading"
"1420",20,126,3,52,1,14085256,14089710,4454,2,2,1,"reading"
"1421",20,132,3,53,1,14105021,14108829,3808,4,4,1,"reading"
"1422",20,124,3,54,1,14288177,14290916,2739,4,4,1,"reading"
"1423",20,102,2,55,1,14304925,14309185,4260,2,2,1,"reading"
"1424",20,131,3,56,1,14350564,14355619,5055,3,3,1,"reading"
"1425",20,129,3,57,1,14397413,14406905,9492,1,3,0,"reading"
"1426",20,99,2,58,1,14420435,14423054,2619,3,3,1,"reading"
"1427",20,122,3,59,1,14433086,14436071,2985,2,2,1,"reading"
"1428",20,123,3,60,1,14448949,14451715,2766,3,3,1,"reading"
"1429",20,162,1,61,1,14467970,14475357,7387,2,2,1,"reading"
"1430",20,159,1,62,1,14521900,14525975,4075,3,3,1,"reading"
"1431",20,158,1,63,1,14548289,14552125,3836,2,2,1,"reading"
"1432",20,161,1,64,1,14585002,14591744,6742,1,4,0,"reading"
"1433",20,153,1,65,1,14629626,14632079,2453,1,1,1,"reading"
"1434",20,152,1,66,1,14641878,14645729,3851,4,4,1,"reading"
"1435",20,151,1,67,1,14652507,14659246,6739,3,3,1,"reading"
"1436",20,157,1,68,1,14689472,14692381,2909,1,1,1,"reading"
"1437",20,154,1,69,1,14704970,14707914,2944,2,2,1,"reading"
"1438",20,160,1,70,1,14722124,14725448,3324,4,4,1,"reading"
"1439",20,155,1,71,1,14742397,14746949,4552,3,3,1,"reading"
"1440",20,156,1,72,1,14769341,14773034,3693,4,4,1,"reading"
"1441",21,42,1,1,1,766939,769932,2993,4,4,1,"reading"
"1442",21,41,1,2,1,774894,777766,2872,3,3,1,"reading"
"1443",21,36,1,3,1,785519,788916,3397,2,2,1,"reading"
"1444",21,31,1,4,1,793576,799416,5840,1,1,1,"reading"
"1445",21,32,1,5,1,803881,807599,3718,2,2,1,"reading"
"1446",21,39,1,6,1,826732,830067,3335,1,1,1,"reading"
"1447",21,34,1,7,1,835433,838700,3267,4,4,1,"reading"
"1448",21,35,1,8,1,844597,847484,2887,1,1,1,"reading"
"1449",21,38,1,9,1,887267,889752,2485,4,4,1,"reading"
"1450",21,37,1,10,1,918322,921254,2932,3,3,1,"reading"
"1451",21,33,1,11,1,929772,932921,3149,3,3,1,"reading"
"1452",21,40,1,12,1,937552,940253,2701,2,2,1,"reading"
"1453",21,61,2,13,1,954253,957155,2902,1,1,1,"reading"
"1454",21,62,2,14,1,962773,965422,2649,2,2,1,"reading"
"1455",21,63,2,15,1,971773,974422,2649,3,3,1,"reading"
"1456",21,64,2,16,1,980253,983722,3469,4,4,1,"reading"
"1457",21,72,2,17,1,995561,998189,2628,4,4,1,"reading"
"1458",21,66,2,18,1,1007206,1009639,2433,2,2,1,"reading"
"1459",21,4,3,19,1,1033343,1036658,3315,4,4,1,"reading"
"1460",21,3,3,20,1,1209433,1212929,3496,3,3,1,"reading"
"1461",21,69,2,21,1,1219018,1221497,2479,1,1,1,"reading"
"1462",21,9,3,22,1,1230123,1232130,2007,1,1,1,"reading"
"1463",21,67,2,23,1,1244837,1248215,3378,3,3,1,"reading"
"1464",21,12,3,24,1,1253448,1256465,3017,4,4,1,"reading"
"1465",21,65,2,25,1,1264690,1267751,3061,1,1,1,"reading"
"1466",21,11,3,26,1,1277687,1281167,3480,3,3,1,"reading"
"1467",21,1,3,27,1,1285798,1287834,2036,1,1,1,"reading"
"1468",21,10,3,28,1,1293087,1295264,2177,2,2,1,"reading"
"1469",21,2,3,29,1,1320635,1323735,3100,2,2,1,"reading"
"1470",21,5,3,30,1,1385287,1387753,2466,1,1,1,"reading"
"1471",21,6,3,31,1,1400241,1402652,2411,2,2,1,"reading"
"1472",21,7,3,32,1,1410409,1413369,2960,3,3,1,"reading"
"1473",21,70,2,33,1,1426587,1430104,3517,2,2,1,"reading"
"1474",21,8,3,34,1,1449341,1452139,2798,4,4,1,"reading"
"1475",21,71,2,35,1,1456191,1459204,3013,3,3,1,"reading"
"1476",21,68,2,36,1,1482809,1486222,3413,4,4,1,"reading"
"1477",21,121,1,37,1,1579749,1581758,2009,1,1,1,"zString"
"1478",21,124,1,38,1,1596216,1598509,2293,4,4,1,"zString"
"1479",21,126,1,39,1,1603954,1605960,2006,2,2,1,"zString"
"1480",21,130,1,40,1,1627380,1630012,2632,2,2,1,"zString"
"1481",21,129,1,41,1,1645752,1648027,2275,1,1,1,"zString"
"1482",21,128,1,42,1,1668388,1670161,1773,4,4,1,"zString"
"1483",21,127,1,43,1,1691052,1692779,1727,3,3,1,"zString"
"1484",21,123,1,44,1,1697739,1699903,2164,3,3,1,"zString"
"1485",21,125,1,45,1,1704936,1706664,1728,1,2,0,"zString"
"1486",21,131,1,46,1,1711121,1713997,2876,3,3,1,"zString"
"1487",21,132,1,47,1,1718600,1720680,2080,4,4,1,"zString"
"1488",21,122,1,48,1,1725306,1727598,2292,2,2,1,"zString"
"1489",21,151,2,49,1,1759922,1762249,2327,3,3,1,"zString"
"1490",21,152,2,50,1,1768156,1769966,1810,4,4,1,"zString"
"1491",21,153,2,51,1,1775223,1776949,1726,1,1,1,"zString"
"1492",21,97,3,52,1,1809426,1811384,1958,1,1,1,"zString"
"1493",21,158,2,53,1,1815426,1817240,1814,2,2,1,"zString"
"1494",21,95,3,54,1,2047564,2049559,1995,3,2,0,"zString"
"1495",21,99,3,55,1,2072622,2074592,1970,3,2,0,"zString"
"1496",21,102,3,56,1,2080438,2082260,1822,2,2,1,"zString"
"1497",21,91,3,57,1,2098839,2100860,2021,3,2,0,"zString"
"1498",21,92,3,58,1,2108886,2110743,1857,4,3,0,"zString"
"1499",21,155,2,59,1,2122053,2124094,2041,3,3,1,"zString"
"1500",21,100,3,60,1,2138192,2140144,1952,4,4,1,"zString"
"1501",21,101,3,61,1,2160524,2162845,2321,1,1,1,"zString"
"1502",21,98,3,62,1,2167958,2169728,1770,2,2,1,"zString"
"1503",21,159,2,63,1,2174305,2176096,1791,3,3,1,"zString"
"1504",21,156,2,64,1,2202161,2204614,2453,4,4,1,"zString"
"1505",21,96,3,65,1,2218399,2220565,2166,4,3,0,"zString"
"1506",21,93,3,66,1,2238726,2240648,1922,1,1,1,"zString"
"1507",21,154,2,67,1,2248777,2251365,2588,2,2,1,"zString"
"1508",21,160,2,68,1,2266964,2269165,2201,4,3,0,"zString"
"1509",21,161,2,69,1,2273316,2275083,1767,1,1,1,"zString"
"1510",21,157,2,70,1,2284863,2286782,1919,1,2,0,"zString"
"1511",21,94,3,71,1,2291167,2292883,1716,2,2,1,"zString"
"1512",21,162,2,72,1,2296264,2298483,2219,2,2,1,"zString"
"1513",22,1,1,1,1,4386878,4389951,3073,1,1,1,"zString"
"1514",22,2,1,2,1,4409251,4411720,2469,2,2,1,"zString"
"1515",22,8,1,3,1,4424165,4426903,2738,4,4,1,"zString"
"1516",22,3,1,4,1,4467723,4470320,2597,3,3,1,"zString"
"1517",22,9,1,5,1,4475434,4478236,2802,1,1,1,"zString"
"1518",22,5,1,6,1,4485603,4488154,2551,1,1,1,"zString"
"1519",22,10,1,7,1,4512690,4515256,2566,2,2,1,"zString"
"1520",22,12,1,8,1,4526424,4528823,2399,4,4,1,"zString"
"1521",22,11,1,9,1,4534626,4536639,2013,3,3,1,"zString"
"1522",22,7,1,10,1,4543777,4546340,2563,3,3,1,"zString"
"1523",22,4,1,11,1,4582379,4585141,2762,4,4,1,"zString"
"1524",22,6,1,12,1,4605527,4609292,3765,2,2,1,"zString"
"1525",22,31,2,13,1,4618230,4620994,2764,3,3,1,"zString"
"1526",22,32,2,14,1,4628512,4631026,2514,4,4,1,"zString"
"1527",22,33,2,15,1,4638612,4641575,2963,1,1,1,"zString"
"1528",22,61,3,16,1,4667118,4669943,2825,1,1,1,"zString"
"1529",22,40,2,17,1,4850239,4852483,2244,4,4,1,"zString"
"1530",22,69,3,18,1,4880625,4885001,4376,1,1,1,"zString"
"1531",22,68,3,19,1,4890939,4893718,2779,4,4,1,"zString"
"1532",22,36,2,20,1,4911507,4913720,2213,4,4,1,"zString"
"1533",22,39,2,21,1,4945159,4947603,2444,3,3,1,"zString"
"1534",22,34,2,22,1,4954192,4956571,2379,2,2,1,"zString"
"1535",22,42,2,23,1,4977725,4979972,2247,2,2,1,"zString"
"1536",22,63,3,24,1,5007328,5009355,2027,3,3,1,"zString"
"1537",22,35,2,25,1,5014882,5017489,2607,3,3,1,"zString"
"1538",22,62,3,26,1,5053795,5056207,2412,2,2,1,"zString"
"1539",22,41,2,27,1,5062313,5064824,2511,1,1,1,"zString"
"1540",22,66,3,28,1,5077484,5079696,2212,2,2,1,"zString"
"1541",22,71,3,29,1,5089851,5092257,2406,3,3,1,"zString"
"1542",22,65,3,30,1,5099030,5100941,1911,1,1,1,"zString"
"1543",22,67,3,31,1,5105898,5108491,2593,3,3,1,"zString"
"1544",22,38,2,32,1,5113913,5116226,2313,2,2,1,"zString"
"1545",22,72,3,33,1,5127733,5130393,2660,4,4,1,"zString"
"1546",22,70,3,34,1,5136772,5139160,2388,2,2,1,"zString"
"1547",22,64,3,35,1,5156183,5158560,2377,4,4,1,"zString"
"1548",22,37,2,36,1,5164214,5166431,2217,1,1,1,"zString"
"1549",22,96,1,37,1,5597200,5601759,4559,4,4,1,"reading"
"1550",22,93,1,38,1,5626885,5630210,3325,1,1,1,"reading"
"1551",22,99,1,39,1,5636084,5639111,3027,3,3,1,"reading"
"1552",22,102,1,40,1,5661385,5664911,3526,2,2,1,"reading"
"1553",22,95,1,41,1,5686366,5689762,3396,3,3,1,"reading"
"1554",22,92,1,42,1,5696121,5700113,3992,4,4,1,"reading"
"1555",22,101,1,43,1,5715551,5719162,3611,1,1,1,"reading"
"1556",22,91,1,44,1,5732435,5736664,4229,3,3,1,"reading"
"1557",22,94,1,45,1,5762158,5765047,2889,2,2,1,"reading"
"1558",22,100,1,46,1,5774649,5778314,3665,4,4,1,"reading"
"1559",22,98,1,47,1,5791243,5795182,3939,2,2,1,"reading"
"1560",22,97,1,48,1,5805654,5809232,3578,1,1,1,"reading"
"1561",22,121,2,49,1,5817296,5821950,4654,1,1,1,"reading"
"1562",22,122,2,50,1,5828440,5831633,3193,2,2,1,"reading"
"1563",22,123,2,51,1,5837675,5840817,3142,3,3,1,"reading"
"1564",22,154,3,52,1,5862777,5864985,2208,2,2,1,"reading"
"1565",22,151,3,53,1,6056107,6060458,4351,3,3,1,"reading"
"1566",22,152,3,54,1,6074209,6078258,4049,4,4,1,"reading"
"1567",22,127,2,55,1,6083509,6086725,3216,3,3,1,"reading"
"1568",22,130,2,56,1,6099709,6102658,2949,2,2,1,"reading"
"1569",22,153,3,57,1,6116088,6118376,2288,1,1,1,"reading"
"1570",22,157,3,58,1,6136362,6138926,2564,1,1,1,"reading"
"1571",22,129,2,59,1,6143575,6146311,2736,1,1,1,"reading"
"1572",22,131,2,60,1,6176795,6179845,3050,3,3,1,"reading"
"1573",22,156,3,61,1,6193991,6200980,6989,4,4,1,"reading"
"1574",22,126,2,62,1,6208130,6211962,3832,2,2,1,"reading"
"1575",22,124,2,63,1,6236515,6240246,3731,4,4,1,"reading"
"1576",22,161,3,64,1,6261945,6265598,3653,1,1,1,"reading"
"1577",22,162,3,65,1,6270034,6274214,4180,2,2,1,"reading"
"1578",22,158,3,66,1,6293098,6296565,3467,2,2,1,"reading"
"1579",22,128,2,67,1,6314364,6317949,3585,4,4,1,"reading"
"1580",22,160,3,68,1,6329452,6333699,4247,4,4,1,"reading"
"1581",22,159,3,69,1,6340418,6344218,3800,3,3,1,"reading"
"1582",22,125,2,70,1,6358502,6361719,3217,1,1,1,"reading"
"1583",22,155,3,71,1,6369518,6374202,4684,3,3,1,"reading"
"1584",22,132,2,72,1,6385264,6388751,3487,4,4,1,"reading"
