"","sub","cond","item","seq","start_time","end_time","duration_ms","task"
"10",1,1,27,1,1171301,1175080,3779,"reading"
"11",1,1,8,2,1178076,1181947,3871,"reading"
"13",1,1,2,3,1187445,1190664,3219,"reading"
"15",1,1,17,4,1199796,1205081,5285,"reading"
"16",1,1,12,5,1207689,1210814,3125,"reading"
"18",1,1,6,6,1259369,1261768,2399,"reading"
"20",1,1,23,7,1267603,1270051,2448,"reading"
"21",1,1,20,8,1272855,1275835,2980,"reading"
"22",1,1,15,9,1279455,1283419,3964,"reading"
"23",1,1,14,10,1285222,1288236,3014,"reading"
"24",1,1,19,11,1290137,1293703,3566,"reading"
"25",1,1,16,12,1297607,1301053,3446,"reading"
"26",1,1,28,13,1305879,1308870,2991,"reading"
"27",1,1,24,14,1310666,1314520,3854,"reading"
"28",1,1,4,15,1318616,1322537,3921,"reading"
"30",1,1,5,16,1327295,1330054,2759,"reading"
"32",1,1,10,17,1335739,1337920,2181,"reading"
"34",1,1,25,18,1342010,1344288,2278,"reading"
"35",1,1,7,19,1346146,1349721,3575,"reading"
"37",1,1,30,20,1354476,1357922,3446,"reading"
"38",1,1,22,21,1361507,1364505,2998,"reading"
"39",1,1,21,22,1367041,1370239,3198,"reading"
"40",1,1,29,23,1372768,1375889,3121,"reading"
"41",1,1,3,24,1378545,1380655,2110,"reading"
"43",1,1,13,25,1385202,1388172,2970,"reading"
"44",1,1,1,26,1390064,1393239,3175,"reading"
"46",1,1,26,27,1398140,1401023,2883,"reading"
"47",1,1,18,28,1403401,1406490,3089,"reading"
"48",1,1,9,29,1408296,1411490,3194,"reading"
"50",1,1,11,30,1416222,1419107,2885,"reading"
"52",1,2,31,31,1424107,1428440,4333,"reading"
"54",1,2,32,32,1433188,1436674,3486,"reading"
"56",1,2,33,33,1441835,1445691,3856,"reading"
"58",1,2,55,34,1449801,1452108,2307,"reading"
"59",1,3,74,35,1455835,1460225,4390,"reading"
"60",1,2,43,36,1464092,1467692,3600,"reading"
"61",1,3,69,37,1469877,1473659,3782,"reading"
"63",1,2,60,38,1479250,1483492,4242,"reading"
"64",1,3,80,39,1488408,1494159,5751,"reading"
"65",1,2,50,40,1496282,1501209,4927,"reading"
"66",1,2,42,41,1505383,1509444,4061,"reading"
"68",1,3,71,42,1598838,1602429,3591,"reading"
"70",1,2,34,43,1609342,1611880,2538,"reading"
"72",1,3,67,44,1620170,1623180,3010,"reading"
"74",1,3,68,45,1661468,1664933,3465,"reading"
"76",1,2,59,46,1674203,1676266,2063,"reading"
"77",1,3,79,47,1700873,1703718,2845,"reading"
"78",1,2,45,48,1705803,1708485,2682,"reading"
"79",1,3,72,49,1710242,1713268,3026,"reading"
"81",1,3,64,50,1717921,1720635,2714,"reading"
"83",1,2,44,51,1725203,1727252,2049,"reading"
"84",1,2,47,52,1729038,1734252,5214,"reading"
"85",1,3,63,53,1736454,1739786,3332,"reading"
"87",1,3,77,54,1744368,1746453,2085,"reading"
"88",1,3,75,55,1748663,1752703,4040,"reading"
"89",1,3,82,56,1756973,1760653,3680,"reading"
"90",1,3,84,57,1763936,1766103,2167,"reading"
"91",1,3,85,58,1769416,1773871,4455,"reading"
"92",1,2,41,59,1831282,1833939,2657,"reading"
"94",1,3,90,60,1837900,1841039,3139,"reading"
"95",1,3,78,61,1843046,1847806,4760,"reading"
"96",1,3,83,62,1849711,1851673,1962,"reading"
"97",1,3,89,63,1853537,1856323,2786,"reading"
"98",1,2,54,64,1858067,1860540,2473,"reading"
"99",1,2,57,65,1863274,1866357,3083,"reading"
"100",1,3,66,66,1868146,1870524,2378,"reading"
"102",1,2,56,67,1875103,1877524,2421,"reading"
"103",1,2,36,68,1879119,1881524,2405,"reading"
"105",1,2,51,69,1885995,1889408,3413,"reading"
"106",1,2,48,70,1891114,1894058,2944,"reading"
"107",1,2,37,71,1896876,1899091,2215,"reading"
"109",1,2,39,72,1903446,1905975,2529,"reading"
"111",1,3,88,73,1911326,1914325,2999,"reading"
"112",1,2,58,74,1916366,1919509,3143,"reading"
"113",1,2,40,75,1921426,1924025,2599,"reading"
"115",1,2,38,76,1928718,1931942,3224,"reading"
"117",1,2,49,77,1936276,1938926,2650,"reading"
"118",1,3,86,78,1940692,1944310,3618,"reading"
"119",1,2,46,79,1946262,1949626,3364,"reading"
"120",1,3,81,80,1951679,1955010,3331,"reading"
"121",1,3,87,81,1956977,1959477,2500,"reading"
"122",1,3,73,82,1961245,1964310,3065,"reading"
"123",1,3,61,83,1966197,1969127,2930,"reading"
"125",1,3,76,84,1973982,1976044,2062,"reading"
"126",1,2,52,85,1978935,1981594,2659,"reading"
"127",1,2,35,86,1983468,1986178,2710,"reading"
"129",1,2,53,87,1990464,1993194,2730,"reading"
"130",1,3,70,88,1996391,1999262,2871,"reading"
"132",1,3,62,89,2004494,2006895,2401,"reading"
"134",1,3,65,90,2011824,2014362,2538,"reading"
"145",1,1,92,91,2142630,2146150,3520,"zString"
"147",1,1,116,92,2151223,2154267,3044,"zString"
"148",1,1,111,93,2156409,2158950,2541,"zString"
"149",1,1,94,94,2162542,2165100,2558,"zString"
"151",1,1,118,95,2170106,2173501,3395,"zString"
"152",1,1,102,96,2175754,2177868,2114,"zString"
"154",1,1,115,97,2183355,2185918,2563,"zString"
"155",1,1,100,98,2188629,2191735,3106,"zString"
"157",1,1,119,99,2197123,2201135,4012,"zString"
"158",1,1,97,100,2203629,2205685,2056,"zString"
"160",1,1,106,101,2210466,2213485,3019,"zString"
"161",1,1,91,102,2218492,2221686,3194,"zString"
"163",1,1,98,103,2258026,2260371,2345,"zString"
"165",1,1,109,104,2265361,2267121,1760,"zString"
"166",1,1,93,105,2269379,2272037,2658,"zString"
"168",1,1,99,106,2278984,2281505,2521,"zString"
"170",1,1,114,107,2289065,2291855,2790,"zString"
"171",1,1,120,108,2294371,2297455,3084,"zString"
"172",1,1,95,109,2301261,2305622,4361,"zString"
"174",1,1,105,110,2310809,2313139,2330,"zString"
"175",1,1,104,111,2315254,2318805,3551,"zString"
"176",1,1,108,112,2321051,2323722,2671,"zString"
"177",1,1,113,113,2326129,2328539,2410,"zString"
"178",1,1,101,114,2331786,2334656,2870,"zString"
"180",1,1,96,115,2367493,2370376,2883,"zString"
"182",1,1,103,116,2375416,2379193,3777,"zString"
"183",1,1,110,117,2382519,2384976,2457,"zString"
"184",1,1,112,118,2391254,2394577,3323,"zString"
"185",1,1,117,119,2441095,2443378,2283,"zString"
"186",1,1,107,120,2446444,2449112,2668,"zString"
"187",1,2,121,121,2451432,2453979,2547,"zString"
"189",1,2,122,122,2458269,2461262,2993,"zString"
"191",1,2,123,123,2466724,2469579,2855,"zString"
"193",1,2,125,124,2475059,2478946,3887,"zString"
"195",1,2,128,125,2528865,2534098,5233,"zString"
"197",1,3,154,126,2542009,2545515,3506,"zString"
"199",1,3,178,127,2550079,2552532,2453,"zString"
"200",1,2,126,128,2554946,2558232,3286,"zString"
"202",1,3,179,129,2564018,2567417,3399,"zString"
"203",1,2,145,130,2569683,2572733,3050,"zString"
"204",1,3,159,131,2575694,2578967,3273,"zString"
"206",1,3,165,132,2627214,2630235,3021,"zString"
"207",1,3,153,133,2632738,2635285,2547,"zString"
"209",1,2,150,134,2640642,2643218,2576,"zString"
"210",1,3,168,135,2645634,2648568,2934,"zString"
"211",1,3,156,136,2652102,2655668,3566,"zString"
"213",1,3,157,137,2661106,2664237,3131,"zString"
"215",1,2,132,138,2668764,2671906,3142,"zString"
"217",1,3,172,139,2676863,2680986,4123,"zString"
"218",1,3,152,140,2685355,2688804,3449,"zString"
"220",1,3,175,141,2693333,2696757,3424,"zString"
"221",1,2,138,142,2699173,2701687,2514,"zString"
"222",1,3,171,143,2705282,2708271,2989,"zString"
"223",1,2,149,144,2710564,2712971,2407,"zString"
"224",1,2,146,145,2715731,2719037,3306,"zString"
"225",1,2,141,146,2721763,2724371,2608,"zString"
"226",1,2,140,147,2727175,2730638,3463,"zString"
"227",1,2,136,148,2732682,2736088,3406,"zString"
"228",1,3,151,149,2739325,2742422,3097,"zString"
"230",1,3,170,150,2748018,2751955,3937,"zString"
"231",1,3,163,151,2755693,2758606,2913,"zString"
"232",1,2,139,152,2764627,2767773,3146,"zString"
"233",1,2,144,153,2815953,2818924,2971,"zString"
"234",1,2,131,154,2821509,2824291,2782,"zString"
"236",1,2,129,155,2833214,2837008,3794,"zString"
"238",1,3,158,156,2844889,2848725,3836,"zString"
"240",1,3,167,157,2859513,2864892,5379,"zString"
"241",1,3,164,158,2871923,2876393,4470,"zString"
"242",1,3,162,159,2895475,2898260,2785,"zString"
"244",1,2,124,160,2904152,2907294,3142,"zString"
"246",1,3,155,161,2912736,2916677,3941,"zString"
"248",1,3,161,162,2921465,2924428,2963,"zString"
"250",1,3,166,163,2928374,2930995,2621,"zString"
"251",1,2,133,164,2933440,2936579,3139,"zString"
"252",1,3,177,165,2939794,2942462,2668,"zString"
"253",1,2,137,166,2945145,2947929,2784,"zString"
"254",1,2,147,167,2951104,2954645,3541,"zString"
"255",1,2,127,168,2957521,2961362,3841,"zString"
"257",1,2,134,169,2966363,2969246,2883,"zString"
"258",1,2,143,170,2972447,2976463,4016,"zString"
"259",1,2,130,171,2979137,2982630,3493,"zString"
"261",1,3,174,172,2988415,2991647,3232,"zString"
"262",1,3,176,173,2994449,2998231,3782,"zString"
"263",1,2,135,174,3002957,3007364,4407,"zString"
"264",1,2,142,175,3010014,3013747,3733,"zString"
"265",1,3,173,176,3017108,3019865,2757,"zString"
"266",1,2,148,177,3024350,3029165,4815,"zString"
"267",1,3,180,178,3031984,3036765,4781,"zString"
"268",1,3,169,179,3039347,3042965,3618,"zString"
"269",1,3,160,180,3048263,3052199,3936,"zString"
"1010",2,1,69,1,4643350,4649336,5986,"zString"
"12",2,1,79,2,4655558,4661687,6129,"zString"
"136",2,1,65,3,4664726,4671537,6811,"zString"
"156",2,1,77,4,4676235,4681521,5286,"zString"
"1610",2,1,80,5,4684535,4692988,8453,"zString"
"17",2,1,63,6,4696114,4702388,6274,"zString"
"19",2,1,67,7,4707558,4714322,6764,"zString"
"2110",2,1,64,8,4719447,4727389,7942,"zString"
"2310",2,1,71,9,4732180,4738339,6159,"zString"
"256",2,1,89,10,4742836,4748757,5921,"zString"
"2610",2,1,73,11,4755316,4759390,4074,"zString"
"271",2,1,70,12,4761640,4768407,6767,"zString"
"29",2,1,87,13,4774354,4780574,6220,"zString"
"301",2,1,78,14,4784242,4791008,6766,"zString"
"31",2,1,84,15,4794623,4800325,5702,"zString"
"321",2,1,66,16,4802440,4809175,6735,"zString"
"341",2,1,62,17,4816204,4822759,6555,"zString"
"36",2,1,83,18,4826954,4834293,7339,"zString"
"371",2,1,61,19,4836168,4843727,7559,"zString"
"391",2,1,90,20,4851701,4856710,5009,"zString"
"401",2,1,85,21,4858971,4864677,5706,"zString"
"411",2,1,88,22,4868781,4876277,7496,"zString"
"42",2,1,74,23,4879567,4886411,6844,"zString"
"431",2,1,82,24,4888839,4894178,5339,"zString"
"441",2,1,68,25,4896786,4906012,9226,"zString"
"461",2,1,81,26,4912380,4918279,5899,"zString"
"471",2,1,76,27,4920277,4927096,6819,"zString"
"481",2,1,75,28,4929621,4936263,6642,"zString"
"49",2,1,72,29,4940221,4948330,8109,"zString"
"51",2,1,86,30,4953487,4959814,6327,"zString"
"521",2,2,1,31,4962340,4967997,5657,"zString"
"541",2,2,2,32,4972985,4978581,5596,"zString"
"561",2,2,3,33,4984262,4990432,6170,"zString"
"581",2,3,38,34,4996020,5002348,6328,"zString"
"601",2,2,10,35,5008509,5013616,5107,"zString"
"62",2,3,57,36,5019873,5027016,7143,"zString"
"631",2,2,14,37,5028824,5034083,5259,"zString"
"641",2,2,13,38,5035963,5040950,4987,"zString"
"651",2,3,49,39,5043811,5048884,5073,"zString"
"661",2,3,31,40,5052458,5060101,7643,"zString"
"681",2,2,12,41,5065624,5072034,6410,"zString"
"701",2,2,19,42,5143825,5148456,4631,"zString"
"71",2,2,27,43,5150300,5156256,5956,"zString"
"721",2,3,51,44,5158257,5165224,6967,"zString"
"73",2,2,18,45,5167819,5173924,6105,"zString"
"741",2,3,32,46,5176931,5182991,6060,"zString"
"761",2,3,37,47,5188179,5193175,4996,"zString"
"781",2,2,24,48,5199493,5205475,5982,"zString"
"791",2,2,28,49,5207499,5213976,6477,"zString"
"80",2,3,52,50,5217002,5223009,6007,"zString"
"811",2,3,36,51,5226493,5233242,6749,"zString"
"831",2,2,26,52,5239014,5245010,5996,"zString"
"841",2,3,54,53,5246823,5252243,5420,"zString"
"851",2,3,41,54,5257457,5261544,4087,"zString"
"871",2,2,4,55,5267520,5274277,6757,"zString"
"891",2,2,22,56,5280481,5286328,5847,"zString"
"901",2,3,46,57,5289002,5294344,5342,"zString"
"911",2,2,23,58,5297120,5303712,6592,"zString"
"921",2,3,60,59,5308289,5314379,6090,"zString"
"93",2,3,35,60,5317220,5322029,4809,"zString"
"951",2,3,58,61,5326807,5331729,4922,"zString"
"961",2,2,30,62,5336621,5342030,5409,"zString"
"971",2,2,29,63,5344310,5348380,4070,"zString"
"981",2,3,47,64,5351371,5357781,6410,"zString"
"991",2,3,56,65,5360499,5365747,5248,"zString"
"1001",2,3,45,66,5367970,5372681,4711,"zString"
"101",2,3,48,67,5375260,5380581,5321,"zString"
"1021",2,2,7,68,5385512,5392181,6669,"zString"
"104",2,3,40,69,5397252,5402415,5163,"zString"
"1061",2,2,5,70,5408205,5412232,4027,"zString"
"108",2,3,55,71,5417036,5421599,4563,"zString"
"1091",2,2,16,72,5424566,5429533,4967,"zString"
"110",2,2,21,73,5431572,5436083,4511,"zString"
"1111",2,3,39,74,5438824,5444300,5476,"zString"
"1131",2,2,11,75,5449120,5454467,5347,"zString"
"1151",2,3,53,76,5459326,5463884,4558,"zString"
"116",2,3,42,77,5466402,5471034,4632,"zString"
"1181",2,3,43,78,5477721,5482718,4997,"zString"
"1191",2,2,15,79,5484840,5490151,5311,"zString"
"1201",2,2,9,80,5492371,5496818,4447,"zString"
"1221",2,3,50,81,5501970,5508602,6632,"zString"
"1231",2,3,34,82,5511272,5518019,6747,"zString"
"1251",2,2,20,83,5523099,5528269,5170,"zString"
"1261",2,3,44,84,5532172,5538286,6114,"zString"
"1271",2,3,59,85,5540651,5547286,6635,"zString"
"128",2,2,17,86,5550769,5557037,6268,"zString"
"1291",2,2,8,87,5559196,5565604,6408,"zString"
"131",2,2,6,88,5571678,5577254,5576,"zString"
"133",2,3,33,89,5582507,5588238,5731,"zString"
"135",2,2,25,90,5593562,5598438,4876,"zString"
"1451",2,1,158,91,5707238,5712675,5437,"reading"
"1471",2,1,155,92,5719592,5725843,6251,"reading"
"1491",2,1,151,93,5733080,5739811,6731,"reading"
"1511",2,1,156,94,5746389,5750510,4121,"reading"
"153",2,1,160,95,5755867,5759911,4044,"reading"
"1551",2,1,161,96,5765051,5770177,5126,"reading"
"1571",2,1,166,97,5775992,5781378,5386,"reading"
"1581",2,1,152,98,5784413,5790461,6048,"reading"
"1601",2,1,172,99,5798660,5802728,4068,"reading"
"1611",2,1,178,100,5806717,5812162,5445,"reading"
"162",2,1,154,101,5814146,5818829,4683,"reading"
"164",2,1,179,102,5824062,5827979,3917,"reading"
"1651",2,1,180,103,5832035,5838046,6011,"reading"
"1661",2,1,170,104,5843722,5849297,5575,"reading"
"167",2,1,169,105,5853066,5861231,8165,"reading"
"1681",2,1,163,106,5863830,5868997,5167,"reading"
"169",2,1,162,107,5872175,5876431,4256,"reading"
"1711",2,1,168,108,5881840,5888698,6858,"reading"
"1721",2,1,164,109,5891708,5897282,5574,"reading"
"173",2,1,171,110,5899473,5904849,5376,"reading"
"1741",2,1,176,111,5906816,5912166,5350,"reading"
"1751",2,1,165,112,5914534,5920882,6348,"reading"
"1761",2,1,174,113,5923319,5928966,5647,"reading"
"1771",2,1,157,114,5932847,5938283,5436,"reading"
"179",2,1,175,115,5945668,5949167,3499,"reading"
"1801",2,1,177,116,5952105,5957701,5596,"reading"
"181",2,1,159,117,5960727,5966467,5740,"reading"
"1831",2,1,167,118,5973367,5978635,5268,"reading"
"1841",2,1,173,119,5982083,5986551,4468,"reading"
"1851",2,1,153,120,5991159,5996402,5243,"reading"
"1871",2,2,91,121,6002474,6008102,5628,"reading"
"1891",2,2,92,122,6014735,6019420,4685,"reading"
"1911",2,2,93,123,6027465,6031070,3605,"reading"
"1931",2,3,126,124,6036940,6041987,5047,"reading"
"1951",2,3,149,125,6047134,6052104,4970,"reading"
"196",2,2,113,126,6055028,6060437,5409,"reading"
"1971",2,3,141,127,6062701,6067671,4970,"reading"
"198",2,2,119,128,6069926,6075688,5762,"reading"
"1991",2,2,120,129,6078104,6083022,4918,"reading"
"2001",2,3,137,130,6085250,6091339,6089,"reading"
"201",2,3,138,131,6093892,6097889,3997,"reading"
"2021",2,3,128,132,6123620,6130209,6589,"reading"
"2041",2,2,111,133,6139076,6143743,4667,"reading"
"205",2,3,148,134,6146135,6151943,5808,"reading"
"2061",2,3,142,135,6154481,6160126,5645,"reading"
"2071",2,2,107,136,6162525,6166910,4385,"reading"
"208",2,3,135,137,6171018,6176094,5076,"reading"
"2091",2,2,118,138,6178804,6183411,4607,"reading"
"2101",2,3,139,139,6187478,6191128,3650,"reading"
"2111",2,2,116,140,6194316,6198861,4545,"reading"
"212",2,2,98,141,6201083,6206228,5145,"reading"
"214",2,2,99,142,6211065,6216929,5864,"reading"
"216",2,2,104,143,6223983,6229462,5479,"reading"
"2171",2,3,147,144,6232574,6240246,7672,"reading"
"2181",2,3,150,145,6242262,6248963,6701,"reading"
"219",2,3,122,146,6251454,6258163,6709,"reading"
"2211",2,3,123,147,6267549,6273581,6032,"reading"
"2231",2,3,140,148,6279823,6286914,7091,"reading"
"2241",2,2,117,149,6291611,6296931,5320,"reading"
"2251",2,3,131,150,6299107,6305465,6358,"reading"
"2271",2,3,130,151,6311321,6316682,5361,"reading"
"229",2,3,143,152,6321754,6328215,6461,"reading"
"2301",2,3,133,153,6332266,6338217,5951,"reading"
"2311",2,2,109,154,6340194,6344300,4106,"reading"
"2321",2,3,136,155,6346460,6350966,4506,"reading"
"2331",2,3,124,156,6353448,6357950,4502,"reading"
"235",2,3,146,157,6365505,6370817,5312,"reading"
"2361",2,2,115,158,6376655,6380984,4329,"reading"
"237",2,2,96,159,6385828,6390485,4657,"reading"
"239",2,2,94,160,6395825,6400551,4726,"reading"
"2411",2,2,102,161,6405442,6409452,4010,"reading"
"243",2,2,110,162,6416835,6420736,3901,"reading"
"2441",2,2,108,163,6427570,6432086,4516,"reading"
"245",2,3,125,164,6434863,6440420,5557,"reading"
"247",2,2,95,165,6446919,6452053,5134,"reading"
"249",2,3,145,166,6458579,6462787,4208,"reading"
"2501",2,3,121,167,6465549,6470488,4939,"reading"
"2521",2,2,112,168,6476293,6482688,6395,"reading"
"2531",2,3,144,169,6484570,6490071,5501,"reading"
"2541",2,2,114,170,6491969,6497421,5452,"reading"
"2551",2,3,132,171,6500489,6504489,4000,"reading"
"2571",2,2,105,172,6509332,6512789,3457,"reading"
"2581",2,3,129,173,6515545,6519839,4294,"reading"
"260",2,2,97,174,6525494,6529256,3762,"reading"
"2621",2,2,101,175,6534974,6539373,4399,"reading"
"2641",2,3,127,176,6547829,6553307,5478,"reading"
"2661",2,2,103,177,6560774,6564973,4199,"reading"
"2671",2,3,134,178,6570809,6576158,5349,"reading"
"2681",2,2,106,179,6579010,6582891,3881,"reading"
"2691",2,2,100,180,6584939,6589308,4369,"reading"
"1011",3,2,61,1,1647937,1652599,4662,"reading"
"1210",3,2,62,2,1657462,1661783,4321,"reading"
"14",3,2,63,3,1667047,1671033,3986,"reading"
"1612",3,3,11,4,1678252,1682467,4215,"reading"
"188",3,3,25,5,1687835,1691968,4133,"reading"
"194",3,2,68,6,1693522,1700935,7413,"reading"
"2112",3,3,5,7,1706480,1709785,3305,"reading"
"2312",3,3,29,8,1715041,1719085,4044,"reading"
"2410",3,2,65,9,1720716,1726169,5453,"reading"
"2611",3,3,26,10,1732760,1737535,4775,"reading"
"272",3,2,75,11,1739137,1743969,4832,"reading"
"281",3,2,82,12,1745364,1749419,4055,"reading"
"291",3,2,88,13,1751403,1755586,4183,"reading"
"302",3,2,81,14,1757120,1761453,4333,"reading"
"311",3,3,22,15,1763428,1767803,4375,"reading"
"322",3,2,76,16,1769833,1772837,3004,"reading"
"33",3,3,16,17,1774417,1780087,5670,"reading"
"342",3,3,2,18,1782044,1785871,3827,"reading"
"361",3,2,78,19,1791652,1796904,5252,"reading"
"372",3,2,71,20,1798320,1802487,4167,"reading"
"392",3,3,6,21,1808198,1811938,3740,"reading"
"412",3,2,85,22,1817564,1824772,7208,"reading"
"421",3,3,30,23,1826353,1831789,5436,"reading"
"432",3,2,80,24,1833239,1837422,4183,"reading"
"442",3,3,15,25,1838692,1842189,3497,"reading"
"45",3,3,4,26,1844021,1848356,4335,"reading"
"472",3,2,66,27,1854059,1857523,3464,"reading"
"491",3,3,27,28,1862796,1867540,4744,"reading"
"501",3,2,89,29,1869091,1873473,4382,"reading"
"511",3,3,9,30,1875321,1878991,3670,"reading"
"53",3,3,24,31,1886213,1889874,3661,"reading"
"542",3,3,8,32,1891441,1895924,4483,"reading"
"562",3,3,21,33,1903114,1907575,4461,"reading"
"57",3,2,90,34,1909279,1913008,3729,"reading"
"582",3,3,14,35,1914509,1919075,4566,"reading"
"591",3,3,19,36,1920618,1925075,4457,"reading"
"602",3,2,84,37,1926550,1930759,4209,"reading"
"611",3,3,28,38,1932112,1935609,3497,"reading"
"621",3,2,73,39,1937290,1941243,3953,"reading"
"632",3,3,12,40,1942527,1946610,4083,"reading"
"652",3,3,23,41,1952613,1956927,4314,"reading"
"662",3,3,17,42,2012746,2018263,5517,"reading"
"67",3,3,18,43,2019679,2023764,4085,"reading"
"682",3,2,79,44,2025428,2029064,3636,"reading"
"69",3,2,69,45,2030578,2034197,3619,"reading"
"711",3,3,3,46,2040151,2043814,3663,"reading"
"731",3,2,83,47,2048781,2052098,3317,"reading"
"742",3,2,77,48,2053461,2057431,3970,"reading"
"75",3,2,70,49,2059025,2063831,4806,"reading"
"771",3,3,10,50,2070156,2073649,3493,"reading"
"792",3,3,13,51,2080263,2083865,3602,"reading"
"801",3,2,67,52,2085309,2089216,3907,"reading"
"82",3,2,74,53,2096029,2100516,4487,"reading"
"832",3,2,64,54,2101921,2105916,3995,"reading"
"852",3,3,7,55,2111924,2116533,4609,"reading"
"872",3,2,72,56,2123386,2127017,3631,"reading"
"892",3,3,1,57,2132306,2136717,4411,"reading"
"912",3,3,20,58,2141495,2145317,3822,"reading"
"922",3,2,86,59,2146862,2151484,4622,"reading"
"931",3,2,87,60,2152893,2158118,5225,"reading"
"941",3,1,47,61,2159798,2164752,4954,"reading"
"952",3,1,51,62,2166004,2170935,4931,"reading"
"962",3,1,50,63,2172536,2177386,4850,"reading"
"972",3,1,60,64,2179168,2182736,3568,"reading"
"982",3,1,42,65,2184163,2188253,4090,"reading"
"1002",3,1,36,66,2193701,2197203,3502,"reading"
"1022",3,1,37,67,2202536,2206220,3684,"reading"
"1041",3,1,38,68,2213031,2217337,4306,"reading"
"1062",3,1,59,69,2222408,2225454,3046,"reading"
"1071",3,1,57,70,2226892,2231471,4579,"reading"
"1081",3,1,39,71,2233108,2237121,4013,"reading"
"1101",3,1,35,72,2244301,2247838,3537,"reading"
"1121",3,1,43,73,2253557,2258522,4965,"reading"
"1132",3,1,48,74,2259971,2265505,5534,"reading"
"114",3,1,58,75,2267293,2272305,5012,"reading"
"1152",3,1,56,76,2274197,2279755,5558,"reading"
"1161",3,1,41,77,2281549,2284273,2724,"reading"
"1182",3,1,40,78,2289560,2293956,4396,"reading"
"1202",3,1,33,79,2300393,2304957,4564,"reading"
"1222",3,1,32,80,2311097,2314474,3377,"reading"
"124",3,1,53,81,2321300,2325640,4340,"reading"
"1252",3,1,55,82,2326949,2331541,4592,"reading"
"1262",3,1,44,83,2333089,2336658,3569,"reading"
"1272",3,1,52,84,2338004,2341708,3704,"reading"
"1281",3,1,34,85,2343087,2347275,4188,"reading"
"1301",3,1,31,86,2353373,2357191,3818,"reading"
"1321",3,1,49,87,2365137,2368792,3655,"reading"
"1331",3,1,45,88,2370589,2373826,3237,"reading"
"1341",3,1,54,89,2375279,2378359,3080,"reading"
"1351",3,1,46,90,2379744,2383092,3348,"reading"
"1452",3,2,151,91,2531248,2535798,4550,"zString"
"1472",3,2,152,92,2539673,2543798,4125,"zString"
"1492",3,2,153,93,2547917,2550898,2981,"zString"
"1512",3,2,169,94,2554424,2559132,4708,"zString"
"1521",3,3,91,95,2560531,2564165,3634,"zString"
"1541",3,2,178,96,2568572,2571616,3044,"zString"
"1552",3,2,159,97,2573066,2577116,4050,"zString"
"1572",3,3,102,98,2581100,2583332,2232,"zString"
"159",3,2,161,99,2587478,2590500,3022,"zString"
"1613",3,2,170,100,2595426,2597967,2541,"zString"
"1621",3,2,180,101,2599535,2611084,11549,"zString"
"1631",3,3,117,102,2612719,2615300,2581,"zString"
"1641",3,2,158,103,2617470,2622201,4731,"zString"
"1662",3,3,116,104,2626252,2630268,4016,"zString"
"1671",3,3,101,105,2631710,2635201,3491,"zString"
"1691",3,2,157,106,2639974,2642985,3011,"zString"
"1712",3,2,163,107,2648887,2652452,3565,"zString"
"1722",3,3,119,108,2655156,2658835,3679,"zString"
"1731",3,3,118,109,2660241,2662735,2494,"zString"
"1742",3,2,179,110,2664207,2669302,5095,"zString"
"1752",3,3,114,111,2671082,2673419,2337,"zString"
"1762",3,3,99,112,2675089,2678853,3764,"zString"
"1781",3,2,165,113,2683561,2686620,3059,"zString"
"1791",3,3,113,114,2688260,2690636,2376,"zString"
"1802",3,3,100,115,2692460,2696637,4177,"zString"
"1821",3,3,111,116,2700601,2703904,3303,"zString"
"1832",3,2,174,117,2705935,2710353,4418,"zString"
"1842",3,3,94,118,2711994,2713737,1743,"zString"
"1861",3,2,172,119,2717636,2721087,3451,"zString"
"1872",3,2,155,120,2722842,2725621,2779,"zString"
"1892",3,3,109,121,2730535,2732471,1936,"zString"
"190",3,2,166,122,2734685,2737387,2702,"zString"
"1912",3,3,115,123,2739077,2741222,2145,"zString"
"192",3,2,173,124,2742730,2745722,2992,"zString"
"1932",3,3,96,125,2747492,2750688,3196,"zString"
"1952",3,3,92,126,2754877,2758272,3395,"zString"
"1972",3,3,110,127,2762203,2764873,2670,"zString"
"1981",3,2,162,128,2766422,2769756,3334,"zString"
"2002",3,2,156,129,2774416,2777973,3557,"zString"
"2022",3,3,93,130,2781839,2784906,3067,"zString"
"2042",3,2,168,131,2789187,2792673,3486,"zString"
"2051",3,2,176,132,2878036,2882229,4193,"zString"
"2062",3,2,177,133,2884282,2887263,2981,"zString"
"2072",3,3,106,134,2889242,2892796,3554,"zString"
"2081",3,3,97,135,2894131,2896013,1882,"zString"
"2102",3,3,95,136,2900653,2903413,2760,"zString"
"2121",3,3,98,137,2907865,2911547,3682,"zString"
"2141",3,3,112,138,2915912,2919113,3201,"zString"
"2151",3,3,120,139,2920757,2925297,4540,"zString"
"2161",3,2,164,140,2926728,2930881,4153,"zString"
"2172",3,3,104,141,2933165,2936781,3616,"zString"
"2182",3,3,107,142,2938349,2941598,3249,"zString"
"2191",3,3,103,143,2943538,2946998,3460,"zString"
"2201",3,3,105,144,2949069,2952398,3329,"zString"
"2212",3,3,108,145,2954191,2957565,3374,"zString"
"2221",3,2,154,146,2959141,2962600,3459,"zString"
"2242",3,2,167,147,2967735,2970966,3231,"zString"
"2252",3,2,160,148,2972475,2975732,3257,"zString"
"2272",3,2,175,149,2979554,2982966,3412,"zString"
"2281",3,2,171,150,2985109,2988833,3724,"zString"
"2291",3,1,128,151,2990796,2993866,3070,"zString"
"2313",3,1,121,152,2998684,3001383,2699,"zString"
"2332",3,1,138,153,3005154,3008033,2879,"zString"
"2341",3,1,139,154,3009689,3013184,3495,"zString"
"2351",3,1,149,155,3015135,3018468,3333,"zString"
"2362",3,1,136,156,3020099,3024067,3968,"zString"
"2371",3,1,123,157,3026616,3030101,3485,"zString"
"2391",3,1,125,158,3034525,3038851,4326,"zString"
"2412",3,1,129,159,3043397,3047801,4404,"zString"
"2431",3,1,146,160,3052671,3055569,2898,"zString"
"2442",3,1,137,161,3057379,3060369,2990,"zString"
"2451",3,1,141,162,3062143,3064869,2726,"zString"
"2461",3,1,135,163,3066386,3069835,3449,"zString"
"2471",3,1,140,164,3071804,3075369,3565,"zString"
"2481",3,1,131,165,3077038,3080552,3514,"zString"
"2502",3,1,147,166,3085797,3089553,3756,"zString"
"2511",3,1,142,167,3091068,3094920,3852,"zString"
"2522",3,1,130,168,3096949,3099986,3037,"zString"
"2542",3,1,150,169,3104468,3107537,3069,"zString"
"2552",3,1,133,170,3109367,3112203,2836,"zString"
"2561",3,1,145,171,3113964,3117404,3440,"zString"
"2572",3,1,124,172,3118926,3123571,4645,"zString"
"2591",3,1,143,173,3128974,3134121,5147,"zString"
"2601",3,1,122,174,3135959,3139938,3979,"zString"
"2622",3,1,132,175,3144033,3147605,3572,"zString"
"2642",3,1,134,176,3151564,3154988,3424,"zString"
"2651",3,1,127,177,3156501,3160522,4021,"zString"
"2672",3,1,126,178,3164776,3167972,3196,"zString"
"2692",3,1,144,179,3173467,3176956,3489,"zString"
"270",3,1,148,180,3178292,3182606,4314,"zString"
"1012",4,2,31,1,5152662,5157616,4954,"zString"
"1211",4,2,32,2,5161487,5166464,4977,"zString"
"141",4,2,33,3,5170422,5172364,1942,"zString"
"1614",4,2,49,4,5176986,5179465,2479,"zString"
"1710",4,2,56,5,5181442,5184849,3407,"zString"
"1810",4,3,70,6,5186654,5191448,4794,"zString"
"2010",4,3,83,7,5196850,5205365,8515,"zString"
"2113",4,3,80,8,5206825,5211632,4807,"zString"
"2210",4,2,53,9,5213281,5216716,3435,"zString"
"2314",4,2,37,10,5218245,5221666,3421,"zString"
"2510",4,3,82,11,5226755,5231216,4461,"zString"
"2612",4,2,48,12,5232727,5237700,4973,"zString"
"273",4,3,89,13,5239340,5241583,2243,"zString"
"282",4,3,86,14,5243598,5246217,2619,"zString"
"292",4,2,51,15,5247986,5251167,3181,"zString"
"303",4,3,88,16,5252882,5256201,3319,"zString"
"312",4,2,59,17,5258976,5262518,3542,"zString"
"323",4,3,72,18,5264029,5267050,3021,"zString"
"343",4,2,45,19,5272748,5275434,2686,"zString"
"351",4,3,87,20,5277287,5281651,4364,"zString"
"362",4,2,50,21,5283310,5286519,3209,"zString"
"373",4,3,71,22,5287927,5294152,6225,"zString"
"393",4,2,55,23,5298712,5302969,4257,"zString"
"402",4,2,58,24,5307113,5311552,4439,"zString"
"413",4,3,77,25,5313445,5316036,2591,"zString"
"422",4,2,35,26,5317935,5321053,3118,"zString"
"443",4,2,41,27,5327098,5331786,4688,"zString"
"462",4,3,62,28,5336141,5340387,4246,"zString"
"482",4,3,85,29,5343940,5348470,4530,"zString"
"492",4,3,74,30,5350246,5354021,3775,"zString"
"502",4,3,68,31,5357211,5365771,8560,"zString"
"522",4,2,38,32,5369847,5374405,4558,"zString"
"543",4,2,36,33,5378314,5381938,3624,"zString"
"563",4,2,44,34,5385294,5388555,3261,"zString"
"571",4,3,63,35,5390086,5396372,6286,"zString"
"592",4,3,76,36,5404356,5407709,3353,"zString"
"603",4,2,43,37,5409666,5412739,3073,"zString"
"612",4,2,39,38,5414812,5418389,3577,"zString"
"633",4,3,65,39,5424114,5429240,5126,"zString"
"653",4,3,66,40,5434258,5436890,2632,"zString"
"671",4,3,84,41,5442116,5444957,2841,"zString"
"683",4,2,34,42,5483919,5487842,3923,"zString"
"702",4,3,64,43,5491961,5496192,4231,"zString"
"722",4,2,46,44,5500548,5503692,3144,"zString"
"732",4,3,78,45,5505448,5508743,3295,"zString"
"743",4,3,81,46,5510430,5514943,4513,"zString"
"751",4,2,60,47,5516317,5519309,2992,"zString"
"762",4,3,75,48,5520851,5524528,3677,"zString"
"772",4,2,40,49,5527235,5530827,3592,"zString"
"793",4,3,69,50,5534998,5539277,4279,"zString"
"812",4,2,54,51,5544474,5549344,4870,"zString"
"821",4,3,67,52,5551036,5553943,2907,"zString"
"842",4,2,42,53,5558781,5562294,3513,"zString"
"86",4,3,73,54,5565772,5569779,4007,"zString"
"873",4,3,90,55,5571738,5575345,3607,"zString"
"881",4,2,57,56,5577089,5579912,2823,"zString"
"893",4,3,79,57,5581739,5584979,3240,"zString"
"902",4,3,61,58,5586674,5590045,3371,"zString"
"923",4,2,52,59,5595548,5598796,3248,"zString"
"932",4,2,47,60,5602719,5608146,5427,"zString"
"942",4,1,23,61,5610201,5612846,2645,"zString"
"953",4,1,12,62,5614331,5616613,2282,"zString"
"973",4,1,28,63,5620945,5624013,3068,"zString"
"983",4,1,6,64,5626154,5628963,2809,"zString"
"1003",4,1,8,65,5633290,5636415,3125,"zString"
"1023",4,1,30,66,5640358,5643614,3256,"zString"
"1031",4,1,3,67,5645371,5649347,3976,"zString"
"1051",4,1,17,68,5653125,5656114,2989,"zString"
"1063",4,1,29,69,5657606,5660434,2828,"zString"
"1072",4,1,18,70,5662492,5664698,2206,"zString"
"1082",4,1,19,71,5666976,5669715,2739,"zString"
"1092",4,1,16,72,5671136,5674898,3762,"zString"
"1102",4,1,20,73,5677179,5681732,4553,"zString"
"1112",4,1,24,74,5684068,5687349,3281,"zString"
"1122",4,1,13,75,5689183,5691982,2799,"zString"
"1133",4,1,9,76,5693613,5695332,1719,"zString"
"1153",4,1,4,77,5699514,5702083,2569,"zString"
"1171",4,1,2,78,5705921,5708816,2895,"zString"
"1192",4,1,25,79,5713871,5715966,2095,"zString"
"1203",4,1,15,80,5717703,5720616,2913,"zString"
"1212",4,1,27,81,5722298,5725467,3169,"zString"
"1223",4,1,5,82,5726897,5729434,2537,"zString"
"1241",4,1,11,83,5733636,5736434,2798,"zString"
"1263",4,1,1,84,5740999,5744751,3752,"zString"
"1282",4,1,21,85,5752733,5758018,5285,"zString"
"1292",4,1,14,86,5760342,5765234,4892,"zString"
"1302",4,1,10,87,5768757,5774537,5780,"zString"
"1322",4,1,26,88,5778060,5782386,4326,"zString"
"1332",4,1,7,89,5784551,5788252,3701,"zString"
"1352",4,1,22,90,5793317,5797986,4669,"zString"
"1453",4,2,121,91,5880244,5885789,5545,"reading"
"1473",4,2,122,92,5891478,5894323,2845,"reading"
"1493",4,2,123,93,5899163,5901572,2409,"reading"
"1513",4,3,157,94,5905692,5908823,3131,"reading"
"1531",4,3,155,95,5913911,5917740,3829,"reading"
"1553",4,3,180,96,5922398,5925140,2742,"reading"
"1561",4,3,173,97,5926703,5929807,3104,"reading"
"1573",4,3,154,98,5931422,5934324,2902,"reading"
"1591",4,3,169,99,5938305,5940874,2569,"reading"
"1602",4,3,176,100,5942440,5945624,3184,"reading"
"1615",4,2,148,101,5948181,5952758,4577,"reading"
"1622",4,3,152,102,5954437,5958308,3871,"reading"
"1642",4,3,156,103,5963355,5966742,3387,"reading"
"1663",4,2,124,104,5972267,5975009,2742,"reading"
"1682",4,2,143,105,5979512,5982042,2530,"reading"
"1692",4,2,145,106,5983557,5985575,2018,"reading"
"1701",4,2,131,107,5987297,5989743,2446,"reading"
"1723",4,2,136,108,5995908,5998526,2618,"reading"
"1732",4,2,125,109,6000340,6002526,2186,"reading"
"1753",4,3,163,110,6006629,6009893,3264,"reading"
"1763",4,2,140,111,6011484,6015145,3661,"reading"
"1772",4,3,160,112,6016756,6019910,3154,"reading"
"1792",4,2,138,113,6024759,6029277,4518,"reading"
"1803",4,3,177,114,6031342,6035810,4468,"reading"
"1811",4,2,146,115,6038240,6042744,4504,"reading"
"1822",4,2,128,116,6044927,6048178,3251,"reading"
"1843",4,2,150,117,6052981,6055862,2881,"reading"
"1852",4,2,127,118,6057336,6059145,1809,"reading"
"1873",4,2,135,119,6063555,6065512,1957,"reading"
"1881",4,3,151,120,6067350,6069412,2062,"reading"
"1901",4,3,175,121,6074863,6077162,2299,"reading"
"1913",4,2,142,122,6080328,6083596,3268,"reading"
"1921",4,3,179,123,6085233,6087579,2346,"reading"
"1933",4,2,132,124,6089406,6091762,2356,"reading"
"1953",4,3,172,125,6096842,6098796,1954,"reading"
"1961",4,3,170,126,6103875,6109679,5804,"reading"
"1973",4,3,161,127,6111368,6115464,4096,"reading"
"1992",4,2,133,128,6122634,6127330,4696,"reading"
"2003",4,2,144,129,6128819,6132847,4028,"reading"
"2011",4,2,129,130,6134420,6139080,4660,"reading"
"2031",4,2,149,131,6143019,6147648,4629,"reading"
"2043",4,2,134,132,6169588,6172765,3177,"reading"
"2052",4,3,162,133,6174570,6179249,4679,"reading"
"2073",4,3,165,134,6184614,6187432,2818,"reading"
"2082",4,3,166,135,6189044,6191466,2422,"reading"
"2092",4,3,167,136,6195419,6198832,3413,"reading"
"2103",4,3,158,137,6200474,6203266,2792,"reading"
"2122",4,2,126,138,6209209,6212400,3191,"reading"
"2142",4,3,153,139,6216626,6222100,5474,"reading"
"2162",4,2,137,140,6227016,6232133,5117,"reading"
"2173",4,3,174,141,6234633,6240551,5918,"reading"
"2183",4,2,139,142,6242276,6245851,3575,"reading"
"2192",4,2,147,143,6247237,6250535,3298,"reading"
"2202",4,2,141,144,6252181,6255651,3470,"reading"
"2213",4,2,130,145,6257505,6260785,3280,"reading"
"2232",4,3,171,146,6264857,6266968,2111,"reading"
"2243",4,3,178,147,6268484,6271236,2752,"reading"
"2253",4,3,164,148,6273056,6277369,4313,"reading"
"2261",4,3,159,149,6279100,6281453,2353,"reading"
"2282",4,3,168,150,6286372,6289652,3280,"reading"
"2292",4,1,101,151,6290939,6292953,2014,"reading"
"2315",4,1,113,152,6297648,6300970,3322,"reading"
"2322",4,1,114,153,6302324,6304589,2265,"reading"
"2333",4,1,118,154,6306065,6308137,2072,"reading"
"2342",4,1,91,155,6310085,6312320,2235,"reading"
"2363",4,1,98,156,6318468,6320621,2153,"reading"
"2381",4,1,92,157,6326435,6329820,3385,"reading"
"2401",4,1,111,158,6334338,6338503,4165,"reading"
"2413",4,1,104,159,6340012,6342704,2692,"reading"
"2421",4,1,105,160,6343997,6346688,2691,"reading"
"2432",4,1,110,161,6347995,6351371,3376,"reading"
"2443",4,1,109,162,6353570,6358255,4685,"reading"
"2452",4,1,108,163,6359985,6363572,3587,"reading"
"2462",4,1,99,164,6364932,6368122,3190,"reading"
"2482",4,1,107,165,6374184,6376389,2205,"reading"
"2491",4,1,95,166,6377785,6379556,1771,"reading"
"2512",4,1,119,167,6383684,6385922,2238,"reading"
"2523",4,1,96,168,6388073,6389506,1433,"reading"
"2543",4,1,120,169,6394157,6397173,3016,"reading"
"2553",4,1,103,170,6398911,6402106,3195,"reading"
"2562",4,1,112,171,6403348,6405676,2328,"reading"
"2573",4,1,100,172,6406895,6412857,5962,"reading"
"2592",4,1,116,173,6417387,6420524,3137,"reading"
"2602",4,1,117,174,6422047,6424523,2476,"reading"
"2613",4,1,102,175,6425923,6429974,4051,"reading"
"2631",4,1,115,176,6435698,6437924,2226,"reading"
"2643",4,1,97,177,6439387,6441391,2004,"reading"
"2662",4,1,94,178,6446364,6451208,4844,"reading"
"2682",4,1,93,179,6455127,6456508,1381,"reading"
"2701",4,1,106,180,6460691,6463208,2517,"reading"
